2025-07-19 16:22:01,959 INFO werkzeug [31m[1mWARNING: This is a development server. Do not use it in a production deployment. Use a production WSGI server instead.[0m
 * Running on all addresses (0.0.0.0)
 * Running on http://127.0.0.1:5000
 * Running on http://10.0.7.199:5000
2025-07-19 16:22:01,960 INFO werkzeug [33mPress CTRL+C to quit[0m
2025-07-19 16:22:11,626 INFO werkzeug 127.0.0.1 - - [19/Jul/2025 16:22:11] "GET /api/scrapers/status HTTP/1.1" 200 -
2025-07-19 16:22:23,856 INFO werkzeug 127.0.0.1 - - [19/Jul/2025 16:22:23] "GET /api/market/stats HTTP/1.1" 200 -
2025-07-19 16:22:32,084 INFO werkzeug 127.0.0.1 - - [19/Jul/2025 16:22:32] "[31m[1mPOST /api/properties/search HTTP/1.1[0m" 405 -
2025-07-19 16:22:41,390 INFO root Buscando propriedades: rio-de-janeiro, apartamento, zapimoveis
2025-07-19 16:22:41,391 INFO WDM ====== WebDriver manager ======
2025-07-19 16:22:44,185 INFO WDM Get LATEST chromedriver version for google-chrome
2025-07-19 16:22:44,669 INFO WDM Get LATEST chromedriver version for google-chrome
2025-07-19 16:22:45,284 INFO WDM Driver [C:\Users\rober\.wdm\drivers\chromedriver\win64\138.0.7204.157\chromedriver-win32/chromedriver.exe] found in cache
2025-07-19 16:22:46,656 INFO root Iniciando scraping ZapImóveis: https://www.zapimoveis.com.br/venda/apartamentos/rj+rio-de-janeiro/
2025-07-19 16:22:46,656 INFO root Buscando links em: https://www.zapimoveis.com.br/venda/apartamentos/rj+rio-de-janeiro/
2025-07-19 16:22:54,009 INFO root Processando página 1
2025-07-19 16:22:59,469 INFO root Encontrados 69 elementos com seletor: a[href*="/imovel/"]
2025-07-19 16:22:59,840 INFO root Encontrados 44 links únicos na página 1
2025-07-19 16:23:04,520 INFO root Processando página 2
2025-07-19 16:23:09,866 INFO root Encontrados 50 elementos com seletor: a[href*="/imovel/"]
2025-07-19 16:23:10,128 INFO root Encontrados 0 links únicos na página 2
2025-07-19 16:23:15,810 INFO root Processando página 3
2025-07-19 16:23:21,140 INFO root Encontrados 50 elementos com seletor: a[href*="/imovel/"]
2025-07-19 16:23:21,412 INFO root Encontrados 0 links únicos na página 3
2025-07-19 16:23:21,413 INFO root Total de 44 links únicos encontrados
2025-07-19 16:23:21,413 INFO root Extraindo detalhes de 10 propriedades...
2025-07-19 16:23:21,413 INFO root Processando propriedade 1/10
2025-07-19 16:23:21,413 INFO root Extraindo dados de: https://www.zapimoveis.com.br/imovel/venda-apartamento-4-quartos-com-academia-leblon-zona-sul-rio-de-janeiro-rj-200m2-id-2560776640/?source=ranking%2Crp
2025-07-19 16:23:37,875 INFO root Processando propriedade 2/10
2025-07-19 16:23:37,876 INFO root Extraindo dados de: https://www.zapimoveis.com.br/imovel/venda-apartamento-3-quartos-barra-da-tijuca-zona-oeste-rio-de-janeiro-rj-240m2-id-2736871714/?source=ranking%2Crp
2025-07-19 16:23:54,728 INFO root Processando propriedade 3/10
2025-07-19 16:23:54,729 INFO root Extraindo dados de: https://www.zapimoveis.com.br/imovel/venda-apartamento-3-quartos-com-cozinha-copacabana-zona-sul-rio-de-janeiro-rj-180m2-id-2820405661/?source=ranking%2Crp
2025-07-19 16:24:11,415 INFO root Processando propriedade 4/10
2025-07-19 16:24:11,415 INFO root Extraindo dados de: https://www.zapimoveis.com.br/imovel/venda-apartamento-2-quartos-lins-de-vasconcelos-rio-de-janeiro-50m2-id-2639703306/?source=ranking%2Crp
2025-07-19 16:24:29,603 INFO root Processando propriedade 5/10
2025-07-19 16:24:29,603 INFO root Extraindo dados de: https://www.zapimoveis.com.br/imovel/venda-apartamento-1-quarto-com-cozinha-laranjeiras-rio-de-janeiro-48m2-id-2822469186/?source=ranking%2Crp
2025-07-19 16:24:47,122 INFO root Processando propriedade 6/10
2025-07-19 16:24:47,122 INFO root Extraindo dados de: https://www.zapimoveis.com.br/imovel/venda-apartamento-2-quartos-com-churrasqueira-pechincha-rio-de-janeiro-67m2-id-2659502066/?source=ranking%2Crp
2025-07-19 16:25:02,461 INFO root Processando propriedade 7/10
2025-07-19 16:25:02,461 INFO root Extraindo dados de: https://www.zapimoveis.com.br/imovel/venda-apartamento-1-quarto-com-churrasqueira-catete-rio-de-janeiro-67m2-id-2822469567/?source=ranking%2Crp
2025-07-19 16:25:20,204 INFO root Processando propriedade 8/10
2025-07-19 16:25:20,205 INFO root Extraindo dados de: https://www.zapimoveis.com.br/imovel/venda-apartamento-3-quartos-laranjeiras-rio-de-janeiro-105m2-id-2822471942/?source=ranking%2Crp
2025-07-19 16:25:35,826 INFO root Processando propriedade 9/10
2025-07-19 16:25:35,826 INFO root Extraindo dados de: https://www.zapimoveis.com.br/imovel/venda-apartamento-2-quartos-com-cozinha-taquara-rio-de-janeiro-67m2-id-2820622628/?source=ranking%2Crp
2025-07-19 16:25:53,142 INFO root Processando propriedade 10/10
2025-07-19 16:25:53,142 INFO root Extraindo dados de: https://www.zapimoveis.com.br/imovel/venda-apartamento-2-quartos-com-cozinha-catete-rio-de-janeiro-78m2-id-2822469191/?source=ranking%2Crp
2025-07-19 16:26:10,947 INFO root Scraping ZapImóveis concluído! 10 propriedades extraídas.
2025-07-19 16:26:13,276 INFO root ZapImóveis Scraper fechado.
2025-07-19 16:26:13,277 INFO root ZapImóveis retornou 10 propriedades
2025-07-19 16:26:13,278 INFO werkzeug 127.0.0.1 - - [19/Jul/2025 16:26:13] "GET /api/properties/search?city=rio-de-janeiro&propertyType=apartamento&portal=zapimoveis&maxResults=5 HTTP/1.1" 200 -
2025-07-19 16:48:02,987 INFO werkzeug 127.0.0.1 - - [19/Jul/2025 16:48:02] "[33mGET /favicon.ico HTTP/1.1[0m" 404 -
2025-07-19 16:48:03,063 INFO root Buscando propriedades: rio-de-janeiro, apartamento, zapimoveis
2025-07-19 16:48:03,064 INFO werkzeug 127.0.0.1 - - [19/Jul/2025 16:48:03] "GET /api/scrapers/status HTTP/1.1" 200 -
2025-07-19 16:48:03,064 INFO WDM ====== WebDriver manager ======
2025-07-19 16:48:03,325 INFO werkzeug 127.0.0.1 - - [19/Jul/2025 16:48:03] "GET /api/scrapers/status HTTP/1.1" 200 -
2025-07-19 16:48:04,697 INFO WDM Get LATEST chromedriver version for google-chrome
2025-07-19 16:48:05,343 INFO WDM Get LATEST chromedriver version for google-chrome
2025-07-19 16:48:05,958 INFO WDM Driver [C:\Users\rober\.wdm\drivers\chromedriver\win64\138.0.7204.157\chromedriver-win32/chromedriver.exe] found in cache
2025-07-19 16:48:23,082 INFO root Buscando propriedades: rio-de-janeiro, apartamento, zapimoveis
2025-07-19 16:48:23,083 INFO WDM ====== WebDriver manager ======
2025-07-19 16:48:24,558 INFO WDM Get LATEST chromedriver version for google-chrome
2025-07-19 16:48:25,089 INFO WDM Get LATEST chromedriver version for google-chrome
2025-07-19 16:48:25,724 INFO WDM Driver [C:\Users\rober\.wdm\drivers\chromedriver\win64\138.0.7204.157\chromedriver-win32/chromedriver.exe] found in cache
2025-07-19 16:48:27,014 INFO root Iniciando scraping ZapImóveis: https://www.zapimoveis.com.br/venda/apartamentos/rj+rio-de-janeiro/
2025-07-19 16:48:27,016 INFO root Buscando links em: https://www.zapimoveis.com.br/venda/apartamentos/rj+rio-de-janeiro/
2025-07-19 16:48:27,024 INFO root Iniciando scraping ZapImóveis: https://www.zapimoveis.com.br/venda/apartamentos/rj+rio-de-janeiro/
2025-07-19 16:48:27,027 INFO root Buscando links em: https://www.zapimoveis.com.br/venda/apartamentos/rj+rio-de-janeiro/
2025-07-19 16:48:31,487 INFO root Buscando propriedades: rio-de-janeiro, apartamento, zapimoveis
2025-07-19 16:48:31,489 INFO werkzeug 127.0.0.1 - - [19/Jul/2025 16:48:31] "GET /api/scrapers/status HTTP/1.1" 200 -
2025-07-19 16:48:31,489 INFO WDM ====== WebDriver manager ======
2025-07-19 16:48:31,753 INFO werkzeug 127.0.0.1 - - [19/Jul/2025 16:48:31] "GET /api/scrapers/status HTTP/1.1" 200 -
2025-07-19 16:48:32,961 INFO WDM Get LATEST chromedriver version for google-chrome
2025-07-19 16:48:33,531 INFO WDM Get LATEST chromedriver version for google-chrome
2025-07-19 16:48:34,710 INFO root Processando página 1
2025-07-19 16:48:34,730 INFO WDM Driver [C:\Users\rober\.wdm\drivers\chromedriver\win64\138.0.7204.157\chromedriver-win32/chromedriver.exe] found in cache
2025-07-19 16:48:36,302 INFO root Processando página 1
2025-07-19 16:48:39,664 INFO root Iniciando scraping ZapImóveis: https://www.zapimoveis.com.br/venda/apartamentos/rj+rio-de-janeiro/
2025-07-19 16:48:39,664 INFO root Buscando links em: https://www.zapimoveis.com.br/venda/apartamentos/rj+rio-de-janeiro/
2025-07-19 16:48:42,564 INFO root Encontrados 71 elementos com seletor: a[href*="/imovel/"]
2025-07-19 16:48:42,967 INFO root Encontrados 46 links únicos na página 1
2025-07-19 16:48:45,817 INFO root Encontrados 50 elementos com seletor: a[href*="/imovel/"]
2025-07-19 16:48:46,596 INFO root Encontrados 25 links únicos na página 1
2025-07-19 16:48:46,608 INFO root Processando página 1
2025-07-19 16:48:48,777 INFO root Processando página 2
2025-07-19 16:48:51,033 INFO root Processando página 2
2025-07-19 16:48:51,551 INFO root Buscando propriedades: rio-de-janeiro, apartamento, zapimoveis
2025-07-19 16:48:51,551 INFO WDM ====== WebDriver manager ======
2025-07-19 16:48:51,941 INFO root Encontrados 50 elementos com seletor: a[href*="/imovel/"]
2025-07-19 16:48:52,199 INFO root Encontrados 25 links únicos na página 1
2025-07-19 16:48:53,026 INFO WDM Get LATEST chromedriver version for google-chrome
2025-07-19 16:48:53,509 INFO WDM Get LATEST chromedriver version for google-chrome
2025-07-19 16:48:54,060 INFO WDM Driver [C:\Users\rober\.wdm\drivers\chromedriver\win64\138.0.7204.157\chromedriver-win32/chromedriver.exe] found in cache
2025-07-19 16:48:54,129 INFO root Encontrados 50 elementos com seletor: a[href*="/imovel/"]
2025-07-19 16:48:54,379 INFO root Encontrados 0 links únicos na página 2
2025-07-19 16:48:55,005 INFO root Iniciando scraping ZapImóveis: https://www.zapimoveis.com.br/venda/apartamentos/rj+rio-de-janeiro/
2025-07-19 16:48:55,005 INFO root Buscando links em: https://www.zapimoveis.com.br/venda/apartamentos/rj+rio-de-janeiro/
2025-07-19 16:48:57,157 INFO root Processando página 2
2025-07-19 16:48:57,648 INFO root Encontrados 71 elementos com seletor: a[href*="/imovel/"]
2025-07-19 16:48:57,984 INFO root Encontrados 21 links únicos na página 2
2025-07-19 16:48:59,573 INFO root Processando página 3
2025-07-19 16:49:00,454 INFO root Processando página 1
2025-07-19 16:49:02,757 INFO root Encontrados 50 elementos com seletor: a[href*="/imovel/"]
2025-07-19 16:49:02,983 INFO root Processando página 3
2025-07-19 16:49:03,024 INFO root Encontrados 0 links únicos na página 2
2025-07-19 16:49:05,468 INFO root Encontrados 50 elementos com seletor: a[href*="/imovel/"]
2025-07-19 16:49:05,762 INFO root Encontrados 0 links únicos na página 3
2025-07-19 16:49:05,762 INFO root Total de 46 links únicos encontrados
2025-07-19 16:49:05,762 INFO root Extraindo detalhes de 10 propriedades...
2025-07-19 16:49:05,763 INFO root Processando propriedade 1/10
2025-07-19 16:49:05,763 INFO root Extraindo dados de: https://www.zapimoveis.com.br/imovel/venda-apartamento-3-quartos-com-elevador-ipanema-zona-sul-rio-de-janeiro-rj-130m2-id-2773502621/?source=ranking%2Crp
2025-07-19 16:49:05,788 INFO root Encontrados 50 elementos com seletor: a[href*="/imovel/"]
2025-07-19 16:49:06,122 INFO root Encontrados 25 links únicos na página 1
2025-07-19 16:49:08,170 INFO root Processando página 3
2025-07-19 16:49:08,330 INFO root Encontrados 50 elementos com seletor: a[href*="/imovel/"]
2025-07-19 16:49:08,605 INFO root Encontrados 0 links únicos na página 3
2025-07-19 16:49:08,605 INFO root Total de 46 links únicos encontrados
2025-07-19 16:49:08,605 INFO root Extraindo detalhes de 10 propriedades...
2025-07-19 16:49:08,605 INFO root Processando propriedade 1/10
2025-07-19 16:49:08,606 INFO root Extraindo dados de: https://www.zapimoveis.com.br/imovel/venda-apartamento-3-quartos-com-elevador-ipanema-zona-sul-rio-de-janeiro-rj-130m2-id-2773502621/?source=showcase%2Crp
2025-07-19 16:49:11,766 INFO root Processando página 2
2025-07-19 16:49:13,272 INFO root Encontrados 0 links únicos na página 3
2025-07-19 16:49:13,273 INFO root Total de 25 links únicos encontrados
2025-07-19 16:49:13,273 INFO root Extraindo detalhes de 10 propriedades...
2025-07-19 16:49:13,273 INFO root Processando propriedade 1/10
2025-07-19 16:49:13,273 INFO root Extraindo dados de: https://www.zapimoveis.com.br/imovel/venda-apartamento-3-quartos-com-elevador-ipanema-zona-sul-rio-de-janeiro-rj-130m2-id-2773502621/?source=showcase%2Crp
2025-07-19 16:49:16,837 INFO root Encontrados 0 links únicos na página 2
2025-07-19 16:49:16,878 WARNING root Não foi possível ir para página 3
2025-07-19 16:49:16,878 INFO root Total de 25 links únicos encontrados
2025-07-19 16:49:16,878 INFO root Extraindo detalhes de 10 propriedades...
2025-07-19 16:49:16,878 INFO root Processando propriedade 1/10
2025-07-19 16:49:16,879 INFO root Extraindo dados de: https://www.zapimoveis.com.br/imovel/venda-apartamento-3-quartos-com-elevador-ipanema-zona-sul-rio-de-janeiro-rj-130m2-id-2773502621/?source=showcase%2Crp
2025-07-19 16:49:23,594 INFO root Processando propriedade 2/10
2025-07-19 16:49:23,594 INFO root Extraindo dados de: https://www.zapimoveis.com.br/imovel/venda-apartamento-2-quartos-com-ar-condicionado-andarai-zona-norte-rio-de-janeiro-rj-95m2-id-2815156221/?source=ranking%2Crp
2025-07-19 16:49:26,879 INFO root Processando propriedade 2/10
2025-07-19 16:49:26,879 INFO root Extraindo dados de: https://www.zapimoveis.com.br/imovel/venda-apartamento-2-quartos-com-ar-condicionado-andarai-zona-norte-rio-de-janeiro-rj-95m2-id-2815156221/?source=showcase%2Crp
2025-07-19 16:49:32,301 INFO root Processando propriedade 2/10
2025-07-19 16:49:32,301 INFO root Extraindo dados de: https://www.zapimoveis.com.br/imovel/venda-apartamento-2-quartos-com-ar-condicionado-andarai-zona-norte-rio-de-janeiro-rj-95m2-id-2815156221/?source=showcase%2Crp
2025-07-19 16:49:35,538 INFO root Processando propriedade 2/10
2025-07-19 16:49:35,538 INFO root Extraindo dados de: https://www.zapimoveis.com.br/imovel/venda-apartamento-2-quartos-com-ar-condicionado-andarai-zona-norte-rio-de-janeiro-rj-95m2-id-2815156221/?source=showcase%2Crp
2025-07-19 16:49:41,233 INFO root Processando propriedade 3/10
2025-07-19 16:49:41,234 INFO root Extraindo dados de: https://www.zapimoveis.com.br/imovel/venda-apartamento-3-quartos-com-interfone-ipanema-zona-sul-rio-de-janeiro-rj-170m2-id-2754649052/?source=ranking%2Crp
2025-07-19 16:49:44,828 INFO root Processando propriedade 3/10
2025-07-19 16:49:44,829 INFO root Extraindo dados de: https://www.zapimoveis.com.br/imovel/venda-apartamento-3-quartos-com-interfone-ipanema-zona-sul-rio-de-janeiro-rj-170m2-id-2754649052/?source=showcase%2Crp
2025-07-19 16:49:49,059 INFO root Processando propriedade 3/10
2025-07-19 16:49:49,059 INFO root Extraindo dados de: https://www.zapimoveis.com.br/imovel/venda-apartamento-3-quartos-com-interfone-ipanema-zona-sul-rio-de-janeiro-rj-170m2-id-2754649052/?source=showcase%2Crp
2025-07-19 16:49:52,893 INFO root Processando propriedade 3/10
2025-07-19 16:49:52,893 INFO root Extraindo dados de: https://www.zapimoveis.com.br/imovel/venda-apartamento-3-quartos-com-interfone-ipanema-zona-sul-rio-de-janeiro-rj-170m2-id-2754649052/?source=showcase%2Crp
2025-07-19 16:49:58,559 INFO root Processando propriedade 4/10
2025-07-19 16:49:58,559 INFO root Extraindo dados de: https://www.zapimoveis.com.br/imovel/venda-apartamento-2-quartos-lins-de-vasconcelos-rio-de-janeiro-50m2-id-2639703306/?source=ranking%2Crp
2025-07-19 16:50:01,158 INFO root Buscando propriedades: sao-paulo, apartamento, zapimoveis
2025-07-19 16:50:01,158 INFO WDM ====== WebDriver manager ======
2025-07-19 16:50:01,277 INFO root Processando propriedade 4/10
2025-07-19 16:50:01,277 INFO root Extraindo dados de: https://www.zapimoveis.com.br/imovel/venda-apartamento-2-quartos-lins-de-vasconcelos-rio-de-janeiro-50m2-id-2639703306/?source=showcase%2Crp
2025-07-19 16:50:02,214 INFO WDM Get LATEST chromedriver version for google-chrome
2025-07-19 16:50:02,745 INFO WDM Get LATEST chromedriver version for google-chrome
2025-07-19 16:50:03,240 INFO WDM Driver [C:\Users\rober\.wdm\drivers\chromedriver\win64\138.0.7204.157\chromedriver-win32/chromedriver.exe] found in cache
2025-07-19 16:50:04,245 INFO root Iniciando scraping ZapImóveis: https://www.zapimoveis.com.br/venda/apartamentos/sp+sao-paulo/
2025-07-19 16:50:04,245 INFO root Buscando links em: https://www.zapimoveis.com.br/venda/apartamentos/sp+sao-paulo/
2025-07-19 16:50:06,674 INFO root Processando propriedade 4/10
2025-07-19 16:50:06,674 INFO root Extraindo dados de: https://www.zapimoveis.com.br/imovel/venda-apartamento-2-quartos-lins-de-vasconcelos-rio-de-janeiro-50m2-id-2639703306/?source=showcase%2Crp
2025-07-19 16:50:09,936 INFO root Processando página 1
2025-07-19 16:50:10,484 INFO root Processando propriedade 4/10
2025-07-19 16:50:10,484 INFO root Extraindo dados de: https://www.zapimoveis.com.br/imovel/venda-apartamento-2-quartos-lins-de-vasconcelos-rio-de-janeiro-50m2-id-2639703306/?source=showcase%2Crp
2025-07-19 16:50:11,941 ERROR root Erro ao processar página 1: Message: no such window: target window already closed
from unknown error: web view not found
  (Session info: chrome=138.0.7204.158)
Stacktrace:
	GetHandleVerifier [0x0x661a33+62339]
	GetHandleVerifier [0x0x661a74+62404]
	(No symbol) [0x0x4a2123]
	(No symbol) [0x0x480fc9]
	(No symbol) [0x0x515aee]
	(No symbol) [0x0x530089]
	(No symbol) [0x0x50f1b6]
	(No symbol) [0x0x4de7a2]
	(No symbol) [0x0x4df644]
	GetHandleVerifier [0x0x8d65c3+2637587]
	GetHandleVerifier [0x0x8d19ca+2618138]
	GetHandleVerifier [0x0x6884aa+220666]
	GetHandleVerifier [0x0x6788d8+156200]
	GetHandleVerifier [0x0x67f06d+182717]
	GetHandleVerifier [0x0x669978+94920]
	GetHandleVerifier [0x0x669b02+95314]
	GetHandleVerifier [0x0x654c4a+9626]
	BaseThreadInitThunk [0x0x75b47ba9+25]
	RtlInitializeExceptionChain [0x0x76efc0cb+107]
	RtlClearBits [0x0x76efc04f+191]

2025-07-19 16:50:11,941 INFO root Processando página 2
2025-07-19 16:50:11,942 ERROR root Erro ao processar página 2: Message: no such window: target window already closed
from unknown error: web view not found
  (Session info: chrome=138.0.7204.158)
Stacktrace:
	GetHandleVerifier [0x0x661a33+62339]
	GetHandleVerifier [0x0x661a74+62404]
	(No symbol) [0x0x4a2123]
	(No symbol) [0x0x480fc9]
	(No symbol) [0x0x515aee]
	(No symbol) [0x0x530089]
	(No symbol) [0x0x50f1b6]
	(No symbol) [0x0x4de7a2]
	(No symbol) [0x0x4df644]
	GetHandleVerifier [0x0x8d65c3+2637587]
	GetHandleVerifier [0x0x8d19ca+2618138]
	GetHandleVerifier [0x0x6884aa+220666]
	GetHandleVerifier [0x0x6788d8+156200]
	GetHandleVerifier [0x0x67f06d+182717]
	GetHandleVerifier [0x0x669978+94920]
	GetHandleVerifier [0x0x669b02+95314]
	GetHandleVerifier [0x0x654c4a+9626]
	BaseThreadInitThunk [0x0x75b47ba9+25]
	RtlInitializeExceptionChain [0x0x76efc0cb+107]
	RtlClearBits [0x0x76efc04f+191]

2025-07-19 16:50:11,943 INFO root Processando página 3
2025-07-19 16:50:11,944 ERROR root Erro ao processar página 3: Message: no such window: target window already closed
from unknown error: web view not found
  (Session info: chrome=138.0.7204.158)
Stacktrace:
	GetHandleVerifier [0x0x661a33+62339]
	GetHandleVerifier [0x0x661a74+62404]
	(No symbol) [0x0x4a2123]
	(No symbol) [0x0x480fc9]
	(No symbol) [0x0x515aee]
	(No symbol) [0x0x530089]
	(No symbol) [0x0x50f1b6]
	(No symbol) [0x0x4de7a2]
	(No symbol) [0x0x4df644]
	GetHandleVerifier [0x0x8d65c3+2637587]
	GetHandleVerifier [0x0x8d19ca+2618138]
	GetHandleVerifier [0x0x6884aa+220666]
	GetHandleVerifier [0x0x6788d8+156200]
	GetHandleVerifier [0x0x67f06d+182717]
	GetHandleVerifier [0x0x669978+94920]
	GetHandleVerifier [0x0x669b02+95314]
	GetHandleVerifier [0x0x654c4a+9626]
	BaseThreadInitThunk [0x0x75b47ba9+25]
	RtlInitializeExceptionChain [0x0x76efc0cb+107]
	RtlClearBits [0x0x76efc04f+191]

2025-07-19 16:50:11,944 INFO root Total de 0 links únicos encontrados
2025-07-19 16:50:11,945 WARNING root Nenhum link de propriedade encontrado
2025-07-19 16:50:12,226 ERROR root Erro ao extrair dados de https://www.zapimoveis.com.br/imovel/venda-apartamento-2-quartos-lins-de-vasconcelos-rio-de-janeiro-50m2-id-2639703306/?source=showcase%2Crp: Message: invalid session id: session deleted as the browser has closed the connection
from disconnected: not connected to DevTools
  (Session info: chrome=138.0.7204.158); For documentation on this error, please visit: https://www.selenium.dev/documentation/webdriver/troubleshooting/errors#invalidsessionidexception
Stacktrace:
	GetHandleVerifier [0x0x661a33+62339]
	GetHandleVerifier [0x0x661a74+62404]
	(No symbol) [0x0x4a2123]
	(No symbol) [0x0x491b30]
	(No symbol) [0x0x4af8f2]
	(No symbol) [0x0x515cbc]
	(No symbol) [0x0x530089]
	(No symbol) [0x0x50f1b6]
	(No symbol) [0x0x4de7a2]
	(No symbol) [0x0x4df644]
	GetHandleVerifier [0x0x8d65c3+2637587]
	GetHandleVerifier [0x0x8d19ca+2618138]
	GetHandleVerifier [0x0x6884aa+220666]
	GetHandleVerifier [0x0x6788d8+156200]
	GetHandleVerifier [0x0x67f06d+182717]
	GetHandleVerifier [0x0x669978+94920]
	GetHandleVerifier [0x0x669b02+95314]
	GetHandleVerifier [0x0x654c4a+9626]
	BaseThreadInitThunk [0x0x75b47ba9+25]
	RtlInitializeExceptionChain [0x0x76efc0cb+107]
	RtlClearBits [0x0x76efc04f+191]

2025-07-19 16:50:14,038 ERROR root Erro ao extrair dados de https://www.zapimoveis.com.br/imovel/venda-apartamento-2-quartos-lins-de-vasconcelos-rio-de-janeiro-50m2-id-2639703306/?source=showcase%2Crp: Message: invalid session id: session deleted as the browser has closed the connection
from disconnected: not connected to DevTools
  (Session info: chrome=138.0.7204.158); For documentation on this error, please visit: https://www.selenium.dev/documentation/webdriver/troubleshooting/errors#invalidsessionidexception
Stacktrace:
	GetHandleVerifier [0x0x661a33+62339]
	GetHandleVerifier [0x0x661a74+62404]
	(No symbol) [0x0x4a2123]
	(No symbol) [0x0x491b30]
	(No symbol) [0x0x4af8f2]
	(No symbol) [0x0x515cbc]
	(No symbol) [0x0x530089]
	(No symbol) [0x0x50f1b6]
	(No symbol) [0x0x4de7a2]
	(No symbol) [0x0x4df644]
	GetHandleVerifier [0x0x8d65c3+2637587]
	GetHandleVerifier [0x0x8d19ca+2618138]
	GetHandleVerifier [0x0x6884aa+220666]
	GetHandleVerifier [0x0x6788d8+156200]
	GetHandleVerifier [0x0x67f06d+182717]
	GetHandleVerifier [0x0x669978+94920]
	GetHandleVerifier [0x0x669b02+95314]
	GetHandleVerifier [0x0x654c4a+9626]
	BaseThreadInitThunk [0x0x75b47ba9+25]
	RtlInitializeExceptionChain [0x0x76efc0cb+107]
	RtlClearBits [0x0x76efc04f+191]

2025-07-19 16:50:14,058 INFO root ZapImóveis Scraper fechado.
2025-07-19 16:50:14,058 INFO root ZapImóveis retornou 0 propriedades
2025-07-19 16:50:14,059 INFO werkzeug 127.0.0.1 - - [19/Jul/2025 16:50:14] "GET /api/properties/search?city=sao-paulo&property_type=apartamento&portal=zapimoveis&max_results=20&propertyType=apartamento&maxResults=20 HTTP/1.1" 200 -
2025-07-19 16:50:16,250 INFO root Processando propriedade 5/10
2025-07-19 16:50:16,251 INFO root Extraindo dados de: https://www.zapimoveis.com.br/imovel/venda-apartamento-1-quarto-com-cozinha-laranjeiras-rio-de-janeiro-48m2-id-2822469186/?source=showcase%2Crp
2025-07-19 16:50:16,318 ERROR root Erro ao extrair dados de https://www.zapimoveis.com.br/imovel/venda-apartamento-2-quartos-lins-de-vasconcelos-rio-de-janeiro-50m2-id-2639703306/?source=showcase%2Crp: Message: invalid session id: session deleted as the browser has closed the connection
from disconnected: not connected to DevTools
  (Session info: chrome=138.0.7204.158); For documentation on this error, please visit: https://www.selenium.dev/documentation/webdriver/troubleshooting/errors#invalidsessionidexception
Stacktrace:
	GetHandleVerifier [0x0x661a33+62339]
	GetHandleVerifier [0x0x661a74+62404]
	(No symbol) [0x0x4a2123]
	(No symbol) [0x0x491b30]
	(No symbol) [0x0x4af8f2]
	(No symbol) [0x0x515cbc]
	(No symbol) [0x0x530089]
	(No symbol) [0x0x50f1b6]
	(No symbol) [0x0x4de7a2]
	(No symbol) [0x0x4df644]
	GetHandleVerifier [0x0x8d65c3+2637587]
	GetHandleVerifier [0x0x8d19ca+2618138]
	GetHandleVerifier [0x0x6884aa+220666]
	GetHandleVerifier [0x0x6788d8+156200]
	GetHandleVerifier [0x0x67f06d+182717]
	GetHandleVerifier [0x0x669978+94920]
	GetHandleVerifier [0x0x669b02+95314]
	GetHandleVerifier [0x0x654c4a+9626]
	BaseThreadInitThunk [0x0x75b47ba9+25]
	RtlInitializeExceptionChain [0x0x76efc0cb+107]
	RtlClearBits [0x0x76efc04f+191]

2025-07-19 16:50:17,243 INFO root Processando propriedade 5/10
2025-07-19 16:50:17,243 INFO root Extraindo dados de: https://www.zapimoveis.com.br/imovel/venda-apartamento-1-quarto-com-cozinha-laranjeiras-rio-de-janeiro-48m2-id-2822469186/?source=ranking%2Crp
2025-07-19 16:50:19,502 INFO root Processando propriedade 5/10
2025-07-19 16:50:19,502 INFO root Extraindo dados de: https://www.zapimoveis.com.br/imovel/venda-apartamento-1-quarto-com-cozinha-laranjeiras-rio-de-janeiro-48m2-id-2822469186/?source=showcase%2Crp
2025-07-19 16:50:20,377 INFO root Processando propriedade 5/10
2025-07-19 16:50:20,377 INFO root Extraindo dados de: https://www.zapimoveis.com.br/imovel/venda-apartamento-1-quarto-com-cozinha-laranjeiras-rio-de-janeiro-48m2-id-2822469186/?source=showcase%2Crp
2025-07-19 16:50:20,487 ERROR root Erro ao extrair dados de https://www.zapimoveis.com.br/imovel/venda-apartamento-1-quarto-com-cozinha-laranjeiras-rio-de-janeiro-48m2-id-2822469186/?source=showcase%2Crp: Message: invalid session id; For documentation on this error, please visit: https://www.selenium.dev/documentation/webdriver/troubleshooting/errors#invalidsessionidexception
Stacktrace:
	GetHandleVerifier [0x0x661a33+62339]
	GetHandleVerifier [0x0x661a74+62404]
	(No symbol) [0x0x4a1f80]
	(No symbol) [0x0x4dda98]
	(No symbol) [0x0x50f276]
	(No symbol) [0x0x50ae75]
	(No symbol) [0x0x50a3f6]
	(No symbol) [0x0x473a45]
	(No symbol) [0x0x473f9e]
	(No symbol) [0x0x47442d]
	GetHandleVerifier [0x0x8d65c3+2637587]
	GetHandleVerifier [0x0x8d19ca+2618138]
	GetHandleVerifier [0x0x6884aa+220666]
	GetHandleVerifier [0x0x6788d8+156200]
	GetHandleVerifier [0x0x67f06d+182717]
	(No symbol) [0x0x473710]
	(No symbol) [0x0x472f1d]
	GetHandleVerifier [0x0xa0a65c+3899308]
	BaseThreadInitThunk [0x0x75b47ba9+25]
	RtlInitializeExceptionChain [0x0x76efc0cb+107]
	RtlClearBits [0x0x76efc04f+191]

2025-07-19 16:50:20,577 ERROR root Erro ao extrair dados de https://www.zapimoveis.com.br/imovel/venda-apartamento-1-quarto-com-cozinha-laranjeiras-rio-de-janeiro-48m2-id-2822469186/?source=ranking%2Crp: Message: no such window: target window already closed
from unknown error: web view not found
  (Session info: chrome=138.0.7204.158)
Stacktrace:
	GetHandleVerifier [0x0x661a33+62339]
	GetHandleVerifier [0x0x661a74+62404]
	(No symbol) [0x0x4a2123]
	(No symbol) [0x0x480fc9]
	(No symbol) [0x0x515aee]
	(No symbol) [0x0x530089]
	(No symbol) [0x0x50f1b6]
	(No symbol) [0x0x4de7a2]
	(No symbol) [0x0x4df644]
	GetHandleVerifier [0x0x8d65c3+2637587]
	GetHandleVerifier [0x0x8d19ca+2618138]
	GetHandleVerifier [0x0x6884aa+220666]
	GetHandleVerifier [0x0x6788d8+156200]
	GetHandleVerifier [0x0x67f06d+182717]
	GetHandleVerifier [0x0x669978+94920]
	GetHandleVerifier [0x0x669b02+95314]
	GetHandleVerifier [0x0x654c4a+9626]
	BaseThreadInitThunk [0x0x75b47ba9+25]
	RtlInitializeExceptionChain [0x0x76efc0cb+107]
	RtlClearBits [0x0x76efc04f+191]

2025-07-19 16:50:22,021 INFO root Buscando propriedades: sao-paulo, apartamento, zapimoveis
2025-07-19 16:50:22,021 INFO WDM ====== WebDriver manager ======
2025-07-19 16:50:23,147 INFO WDM Get LATEST chromedriver version for google-chrome
2025-07-19 16:50:23,607 INFO WDM Get LATEST chromedriver version for google-chrome
2025-07-19 16:50:23,646 ERROR root Erro ao extrair dados de https://www.zapimoveis.com.br/imovel/venda-apartamento-1-quarto-com-cozinha-laranjeiras-rio-de-janeiro-48m2-id-2822469186/?source=showcase%2Crp: Message: invalid session id; For documentation on this error, please visit: https://www.selenium.dev/documentation/webdriver/troubleshooting/errors#invalidsessionidexception
Stacktrace:
	GetHandleVerifier [0x0x661a33+62339]
	GetHandleVerifier [0x0x661a74+62404]
	(No symbol) [0x0x4a1f80]
	(No symbol) [0x0x4dda98]
	(No symbol) [0x0x50f276]
	(No symbol) [0x0x50ae75]
	(No symbol) [0x0x50a3f6]
	(No symbol) [0x0x473a45]
	(No symbol) [0x0x473f9e]
	(No symbol) [0x0x47442d]
	GetHandleVerifier [0x0x8d65c3+2637587]
	GetHandleVerifier [0x0x8d19ca+2618138]
	GetHandleVerifier [0x0x6884aa+220666]
	GetHandleVerifier [0x0x6788d8+156200]
	GetHandleVerifier [0x0x67f06d+182717]
	(No symbol) [0x0x473710]
	(No symbol) [0x0x472f1d]
	GetHandleVerifier [0x0xa0a65c+3899308]
	BaseThreadInitThunk [0x0x75b47ba9+25]
	RtlInitializeExceptionChain [0x0x76efc0cb+107]
	RtlClearBits [0x0x76efc04f+191]

2025-07-19 16:50:23,991 ERROR root Erro ao extrair dados de https://www.zapimoveis.com.br/imovel/venda-apartamento-1-quarto-com-cozinha-laranjeiras-rio-de-janeiro-48m2-id-2822469186/?source=showcase%2Crp: Message: invalid session id; For documentation on this error, please visit: https://www.selenium.dev/documentation/webdriver/troubleshooting/errors#invalidsessionidexception
Stacktrace:
	GetHandleVerifier [0x0x661a33+62339]
	GetHandleVerifier [0x0x661a74+62404]
	(No symbol) [0x0x4a1f80]
	(No symbol) [0x0x4dda98]
	(No symbol) [0x0x50f276]
	(No symbol) [0x0x50ae75]
	(No symbol) [0x0x50a3f6]
	(No symbol) [0x0x473a45]
	(No symbol) [0x0x473f9e]
	(No symbol) [0x0x47442d]
	GetHandleVerifier [0x0x8d65c3+2637587]
	GetHandleVerifier [0x0x8d19ca+2618138]
	GetHandleVerifier [0x0x6884aa+220666]
	GetHandleVerifier [0x0x6788d8+156200]
	GetHandleVerifier [0x0x67f06d+182717]
	(No symbol) [0x0x473710]
	(No symbol) [0x0x472f1d]
	GetHandleVerifier [0x0xa0a65c+3899308]
	BaseThreadInitThunk [0x0x75b47ba9+25]
	RtlInitializeExceptionChain [0x0x76efc0cb+107]
	RtlClearBits [0x0x76efc04f+191]

2025-07-19 16:50:24,087 INFO WDM Driver [C:\Users\rober\.wdm\drivers\chromedriver\win64\138.0.7204.157\chromedriver-win32/chromedriver.exe] found in cache
2025-07-19 16:50:25,035 INFO root Processando propriedade 6/10
2025-07-19 16:50:25,035 INFO root Extraindo dados de: https://www.zapimoveis.com.br/imovel/venda-apartamento-2-quartos-com-churrasqueira-pechincha-rio-de-janeiro-67m2-id-2659502066/?source=ranking%2Crp
2025-07-19 16:50:25,298 INFO root Iniciando scraping ZapImóveis: https://www.zapimoveis.com.br/venda/apartamentos/sp+sao-paulo/
2025-07-19 16:50:25,298 INFO root Buscando links em: https://www.zapimoveis.com.br/venda/apartamentos/sp+sao-paulo/
2025-07-19 16:50:26,349 INFO root Processando propriedade 6/10
2025-07-19 16:50:26,350 INFO root Extraindo dados de: https://www.zapimoveis.com.br/imovel/venda-apartamento-2-quartos-com-churrasqueira-pechincha-rio-de-janeiro-67m2-id-2659502066/?source=showcase%2Crp
2025-07-19 16:50:27,617 INFO root Processando propriedade 6/10
2025-07-19 16:50:27,617 INFO root Extraindo dados de: https://www.zapimoveis.com.br/imovel/venda-apartamento-2-quartos-com-churrasqueira-pechincha-rio-de-janeiro-67m2-id-2659502066/?source=showcase%2Crp
2025-07-19 16:50:27,632 INFO root Processando propriedade 6/10
2025-07-19 16:50:27,633 INFO root Extraindo dados de: https://www.zapimoveis.com.br/imovel/venda-apartamento-2-quartos-com-churrasqueira-pechincha-rio-de-janeiro-67m2-id-2659502066/?source=showcase%2Crp
2025-07-19 16:50:29,567 ERROR root Erro ao extrair dados de https://www.zapimoveis.com.br/imovel/venda-apartamento-2-quartos-com-churrasqueira-pechincha-rio-de-janeiro-67m2-id-2659502066/?source=ranking%2Crp: Message: no such window: target window already closed
from unknown error: web view not found
  (Session info: chrome=138.0.7204.158)
Stacktrace:
	GetHandleVerifier [0x0x661a33+62339]
	GetHandleVerifier [0x0x661a74+62404]
	(No symbol) [0x0x4a2123]
	(No symbol) [0x0x480fc9]
	(No symbol) [0x0x515aee]
	(No symbol) [0x0x530089]
	(No symbol) [0x0x50f1b6]
	(No symbol) [0x0x4de7a2]
	(No symbol) [0x0x4df644]
	GetHandleVerifier [0x0x8d65c3+2637587]
	GetHandleVerifier [0x0x8d19ca+2618138]
	GetHandleVerifier [0x0x6884aa+220666]
	GetHandleVerifier [0x0x6788d8+156200]
	GetHandleVerifier [0x0x67f06d+182717]
	GetHandleVerifier [0x0x669978+94920]
	GetHandleVerifier [0x0x669b02+95314]
	GetHandleVerifier [0x0x654c4a+9626]
	BaseThreadInitThunk [0x0x75b47ba9+25]
	RtlInitializeExceptionChain [0x0x76efc0cb+107]
	RtlClearBits [0x0x76efc04f+191]

2025-07-19 16:50:30,239 ERROR root Erro ao extrair dados de https://www.zapimoveis.com.br/imovel/venda-apartamento-2-quartos-com-churrasqueira-pechincha-rio-de-janeiro-67m2-id-2659502066/?source=showcase%2Crp: Message: invalid session id; For documentation on this error, please visit: https://www.selenium.dev/documentation/webdriver/troubleshooting/errors#invalidsessionidexception
Stacktrace:
	GetHandleVerifier [0x0x661a33+62339]
	GetHandleVerifier [0x0x661a74+62404]
	(No symbol) [0x0x4a1f80]
	(No symbol) [0x0x4dda98]
	(No symbol) [0x0x50f276]
	(No symbol) [0x0x50ae75]
	(No symbol) [0x0x50a3f6]
	(No symbol) [0x0x473a45]
	(No symbol) [0x0x473f9e]
	(No symbol) [0x0x47442d]
	GetHandleVerifier [0x0x8d65c3+2637587]
	GetHandleVerifier [0x0x8d19ca+2618138]
	GetHandleVerifier [0x0x6884aa+220666]
	GetHandleVerifier [0x0x6788d8+156200]
	GetHandleVerifier [0x0x67f06d+182717]
	(No symbol) [0x0x473710]
	(No symbol) [0x0x472f1d]
	GetHandleVerifier [0x0xa0a65c+3899308]
	BaseThreadInitThunk [0x0x75b47ba9+25]
	RtlInitializeExceptionChain [0x0x76efc0cb+107]
	RtlClearBits [0x0x76efc04f+191]

2025-07-19 16:50:30,253 INFO root Processando página 1
2025-07-19 16:50:32,379 ERROR root Erro ao extrair dados de https://www.zapimoveis.com.br/imovel/venda-apartamento-2-quartos-com-churrasqueira-pechincha-rio-de-janeiro-67m2-id-2659502066/?source=showcase%2Crp: Message: invalid session id; For documentation on this error, please visit: https://www.selenium.dev/documentation/webdriver/troubleshooting/errors#invalidsessionidexception
Stacktrace:
	GetHandleVerifier [0x0x661a33+62339]
	GetHandleVerifier [0x0x661a74+62404]
	(No symbol) [0x0x4a1f80]
	(No symbol) [0x0x4dda98]
	(No symbol) [0x0x50f276]
	(No symbol) [0x0x50ae75]
	(No symbol) [0x0x50a3f6]
	(No symbol) [0x0x473a45]
	(No symbol) [0x0x473f9e]
	(No symbol) [0x0x47442d]
	GetHandleVerifier [0x0x8d65c3+2637587]
	GetHandleVerifier [0x0x8d19ca+2618138]
	GetHandleVerifier [0x0x6884aa+220666]
	GetHandleVerifier [0x0x6788d8+156200]
	GetHandleVerifier [0x0x67f06d+182717]
	(No symbol) [0x0x473710]
	(No symbol) [0x0x472f1d]
	GetHandleVerifier [0x0xa0a65c+3899308]
	BaseThreadInitThunk [0x0x75b47ba9+25]
	RtlInitializeExceptionChain [0x0x76efc0cb+107]
	RtlClearBits [0x0x76efc04f+191]

2025-07-19 16:50:32,399 ERROR root Erro ao extrair dados de https://www.zapimoveis.com.br/imovel/venda-apartamento-2-quartos-com-churrasqueira-pechincha-rio-de-janeiro-67m2-id-2659502066/?source=showcase%2Crp: Message: invalid session id; For documentation on this error, please visit: https://www.selenium.dev/documentation/webdriver/troubleshooting/errors#invalidsessionidexception
Stacktrace:
	GetHandleVerifier [0x0x661a33+62339]
	GetHandleVerifier [0x0x661a74+62404]
	(No symbol) [0x0x4a1f80]
	(No symbol) [0x0x4dda98]
	(No symbol) [0x0x50f276]
	(No symbol) [0x0x50ae75]
	(No symbol) [0x0x50a3f6]
	(No symbol) [0x0x473a45]
	(No symbol) [0x0x473f9e]
	(No symbol) [0x0x47442d]
	GetHandleVerifier [0x0x8d65c3+2637587]
	GetHandleVerifier [0x0x8d19ca+2618138]
	GetHandleVerifier [0x0x6884aa+220666]
	GetHandleVerifier [0x0x6788d8+156200]
	GetHandleVerifier [0x0x67f06d+182717]
	(No symbol) [0x0x473710]
	(No symbol) [0x0x472f1d]
	GetHandleVerifier [0x0xa0a65c+3899308]
	BaseThreadInitThunk [0x0x75b47ba9+25]
	RtlInitializeExceptionChain [0x0x76efc0cb+107]
	RtlClearBits [0x0x76efc04f+191]

2025-07-19 16:50:33,708 INFO root Processando propriedade 7/10
2025-07-19 16:50:33,708 INFO root Extraindo dados de: https://www.zapimoveis.com.br/imovel/venda-apartamento-2-quartos-tijuca-rio-de-janeiro-85m2-id-2821720339/?source=showcase%2Crp
2025-07-19 16:50:34,270 ERROR root Erro ao processar página 1: Message: invalid session id: session deleted as the browser has closed the connection
from disconnected: not connected to DevTools
  (Session info: chrome=138.0.7204.158); For documentation on this error, please visit: https://www.selenium.dev/documentation/webdriver/troubleshooting/errors#invalidsessionidexception
Stacktrace:
	GetHandleVerifier [0x0x661a33+62339]
	GetHandleVerifier [0x0x661a74+62404]
	(No symbol) [0x0x4a2123]
	(No symbol) [0x0x491b30]
	(No symbol) [0x0x4af8f2]
	(No symbol) [0x0x515cbc]
	(No symbol) [0x0x530089]
	(No symbol) [0x0x50f1b6]
	(No symbol) [0x0x4de7a2]
	(No symbol) [0x0x4df644]
	GetHandleVerifier [0x0x8d65c3+2637587]
	GetHandleVerifier [0x0x8d19ca+2618138]
	GetHandleVerifier [0x0x6884aa+220666]
	GetHandleVerifier [0x0x6788d8+156200]
	GetHandleVerifier [0x0x67f06d+182717]
	GetHandleVerifier [0x0x669978+94920]
	GetHandleVerifier [0x0x669b02+95314]
	GetHandleVerifier [0x0x654c4a+9626]
	BaseThreadInitThunk [0x0x75b47ba9+25]
	RtlInitializeExceptionChain [0x0x76efc0cb+107]
	RtlClearBits [0x0x76efc04f+191]

2025-07-19 16:50:34,271 INFO root Processando página 2
2025-07-19 16:50:34,272 ERROR root Erro ao processar página 2: Message: invalid session id; For documentation on this error, please visit: https://www.selenium.dev/documentation/webdriver/troubleshooting/errors#invalidsessionidexception
Stacktrace:
	GetHandleVerifier [0x0x661a33+62339]
	GetHandleVerifier [0x0x661a74+62404]
	(No symbol) [0x0x4a1f80]
	(No symbol) [0x0x4dda98]
	(No symbol) [0x0x50f276]
	(No symbol) [0x0x50ae75]
	(No symbol) [0x0x50a3f6]
	(No symbol) [0x0x473a45]
	(No symbol) [0x0x473f9e]
	(No symbol) [0x0x47442d]
	GetHandleVerifier [0x0x8d65c3+2637587]
	GetHandleVerifier [0x0x8d19ca+2618138]
	GetHandleVerifier [0x0x6884aa+220666]
	GetHandleVerifier [0x0x6788d8+156200]
	GetHandleVerifier [0x0x67f06d+182717]
	(No symbol) [0x0x473710]
	(No symbol) [0x0x472f1d]
	GetHandleVerifier [0x0xa0a65c+3899308]
	BaseThreadInitThunk [0x0x75b47ba9+25]
	RtlInitializeExceptionChain [0x0x76efc0cb+107]
	RtlClearBits [0x0x76efc04f+191]

2025-07-19 16:50:34,272 INFO root Processando página 3
2025-07-19 16:50:34,273 ERROR root Erro ao processar página 3: Message: invalid session id; For documentation on this error, please visit: https://www.selenium.dev/documentation/webdriver/troubleshooting/errors#invalidsessionidexception
Stacktrace:
	GetHandleVerifier [0x0x661a33+62339]
	GetHandleVerifier [0x0x661a74+62404]
	(No symbol) [0x0x4a1f80]
	(No symbol) [0x0x4dda98]
	(No symbol) [0x0x50f276]
	(No symbol) [0x0x50ae75]
	(No symbol) [0x0x50a3f6]
	(No symbol) [0x0x473a45]
	(No symbol) [0x0x473f9e]
	(No symbol) [0x0x47442d]
	GetHandleVerifier [0x0x8d65c3+2637587]
	GetHandleVerifier [0x0x8d19ca+2618138]
	GetHandleVerifier [0x0x6884aa+220666]
	GetHandleVerifier [0x0x6788d8+156200]
	GetHandleVerifier [0x0x67f06d+182717]
	(No symbol) [0x0x473710]
	(No symbol) [0x0x472f1d]
	GetHandleVerifier [0x0xa0a65c+3899308]
	BaseThreadInitThunk [0x0x75b47ba9+25]
	RtlInitializeExceptionChain [0x0x76efc0cb+107]
	RtlClearBits [0x0x76efc04f+191]

2025-07-19 16:50:34,274 INFO root Total de 0 links únicos encontrados
2025-07-19 16:50:34,274 WARNING root Nenhum link de propriedade encontrado
2025-07-19 16:50:34,662 INFO root Processando propriedade 7/10
2025-07-19 16:50:34,662 INFO root Extraindo dados de: https://www.zapimoveis.com.br/imovel/venda-apartamento-3-quartos-laranjeiras-rio-de-janeiro-105m2-id-2822471942/?source=ranking%2Crp
2025-07-19 16:50:36,288 INFO root ZapImóveis Scraper fechado.
2025-07-19 16:50:36,289 INFO root ZapImóveis retornou 0 propriedades
2025-07-19 16:50:36,289 INFO werkzeug 127.0.0.1 - - [19/Jul/2025 16:50:36] "GET /api/properties/search?city=sao-paulo&property_type=apartamento&portal=zapimoveis&max_results=20&propertyType=apartamento&maxResults=20 HTTP/1.1" 200 -
2025-07-19 16:50:37,267 INFO root Processando propriedade 7/10
2025-07-19 16:50:37,267 INFO root Extraindo dados de: https://www.zapimoveis.com.br/imovel/venda-apartamento-2-quartos-tijuca-rio-de-janeiro-85m2-id-2821720339/?source=showcase%2Crp
2025-07-19 16:50:37,277 ERROR root Erro ao extrair dados de https://www.zapimoveis.com.br/imovel/venda-apartamento-2-quartos-tijuca-rio-de-janeiro-85m2-id-2821720339/?source=showcase%2Crp: Message: invalid session id; For documentation on this error, please visit: https://www.selenium.dev/documentation/webdriver/troubleshooting/errors#invalidsessionidexception
Stacktrace:
	GetHandleVerifier [0x0x661a33+62339]
	GetHandleVerifier [0x0x661a74+62404]
	(No symbol) [0x0x4a1f80]
	(No symbol) [0x0x4dda98]
	(No symbol) [0x0x50f276]
	(No symbol) [0x0x50ae75]
	(No symbol) [0x0x50a3f6]
	(No symbol) [0x0x473a45]
	(No symbol) [0x0x473f9e]
	(No symbol) [0x0x47442d]
	GetHandleVerifier [0x0x8d65c3+2637587]
	GetHandleVerifier [0x0x8d19ca+2618138]
	GetHandleVerifier [0x0x6884aa+220666]
	GetHandleVerifier [0x0x6788d8+156200]
	GetHandleVerifier [0x0x67f06d+182717]
	(No symbol) [0x0x473710]
	(No symbol) [0x0x472f1d]
	GetHandleVerifier [0x0xa0a65c+3899308]
	BaseThreadInitThunk [0x0x75b47ba9+25]
	RtlInitializeExceptionChain [0x0x76efc0cb+107]
	RtlClearBits [0x0x76efc04f+191]

2025-07-19 16:50:37,779 INFO root Processando propriedade 7/10
2025-07-19 16:50:37,780 INFO root Extraindo dados de: https://www.zapimoveis.com.br/imovel/venda-apartamento-2-quartos-tijuca-rio-de-janeiro-85m2-id-2821720339/?source=showcase%2Crp
2025-07-19 16:50:38,318 ERROR root Erro ao extrair dados de https://www.zapimoveis.com.br/imovel/venda-apartamento-3-quartos-laranjeiras-rio-de-janeiro-105m2-id-2822471942/?source=ranking%2Crp: Message: no such window: target window already closed
from unknown error: web view not found
  (Session info: chrome=138.0.7204.158)
Stacktrace:
	GetHandleVerifier [0x0x661a33+62339]
	GetHandleVerifier [0x0x661a74+62404]
	(No symbol) [0x0x4a2123]
	(No symbol) [0x0x480fc9]
	(No symbol) [0x0x515aee]
	(No symbol) [0x0x530089]
	(No symbol) [0x0x50f1b6]
	(No symbol) [0x0x4de7a2]
	(No symbol) [0x0x4df644]
	GetHandleVerifier [0x0x8d65c3+2637587]
	GetHandleVerifier [0x0x8d19ca+2618138]
	GetHandleVerifier [0x0x6884aa+220666]
	GetHandleVerifier [0x0x6788d8+156200]
	GetHandleVerifier [0x0x67f06d+182717]
	GetHandleVerifier [0x0x669978+94920]
	GetHandleVerifier [0x0x669b02+95314]
	GetHandleVerifier [0x0x654c4a+9626]
	BaseThreadInitThunk [0x0x75b47ba9+25]
	RtlInitializeExceptionChain [0x0x76efc0cb+107]
	RtlClearBits [0x0x76efc04f+191]

2025-07-19 16:50:39,658 INFO root Buscando propriedades: rio-de-janeiro, apartamento, zapimoveis
2025-07-19 16:50:39,659 INFO WDM ====== WebDriver manager ======
2025-07-19 16:50:39,967 INFO werkzeug 127.0.0.1 - - [19/Jul/2025 16:50:39] "GET /api/scrapers/status HTTP/1.1" 200 -
2025-07-19 16:50:40,029 INFO root Buscando propriedades: rio-de-janeiro, apartamento, zapimoveis
2025-07-19 16:50:40,030 INFO WDM ====== WebDriver manager ======
2025-07-19 16:50:40,277 INFO werkzeug 127.0.0.1 - - [19/Jul/2025 16:50:40] "GET /api/scrapers/status HTTP/1.1" 200 -
2025-07-19 16:50:40,322 ERROR root Erro ao extrair dados de https://www.zapimoveis.com.br/imovel/venda-apartamento-2-quartos-tijuca-rio-de-janeiro-85m2-id-2821720339/?source=showcase%2Crp: Message: invalid session id; For documentation on this error, please visit: https://www.selenium.dev/documentation/webdriver/troubleshooting/errors#invalidsessionidexception
Stacktrace:
	GetHandleVerifier [0x0x661a33+62339]
	GetHandleVerifier [0x0x661a74+62404]
	(No symbol) [0x0x4a1f80]
	(No symbol) [0x0x4dda98]
	(No symbol) [0x0x50f276]
	(No symbol) [0x0x50ae75]
	(No symbol) [0x0x50a3f6]
	(No symbol) [0x0x473a45]
	(No symbol) [0x0x473f9e]
	(No symbol) [0x0x47442d]
	GetHandleVerifier [0x0x8d65c3+2637587]
	GetHandleVerifier [0x0x8d19ca+2618138]
	GetHandleVerifier [0x0x6884aa+220666]
	GetHandleVerifier [0x0x6788d8+156200]
	GetHandleVerifier [0x0x67f06d+182717]
	(No symbol) [0x0x473710]
	(No symbol) [0x0x472f1d]
	GetHandleVerifier [0x0xa0a65c+3899308]
	BaseThreadInitThunk [0x0x75b47ba9+25]
	RtlInitializeExceptionChain [0x0x76efc0cb+107]
	RtlClearBits [0x0x76efc04f+191]

2025-07-19 16:50:40,339 INFO werkzeug 127.0.0.1 - - [19/Jul/2025 16:50:40] "GET /api/scrapers/status HTTP/1.1" 200 -
2025-07-19 16:50:40,649 INFO werkzeug 127.0.0.1 - - [19/Jul/2025 16:50:40] "GET /api/scrapers/status HTTP/1.1" 200 -
2025-07-19 16:50:40,817 INFO root Processando propriedade 8/10
2025-07-19 16:50:40,818 INFO root Extraindo dados de: https://www.zapimoveis.com.br/imovel/venda-apartamento-3-quartos-mobiliado-laranjeiras-rio-de-janeiro-95m2-id-2822470539/?source=showcase%2Crp
2025-07-19 16:50:40,826 ERROR root Erro ao extrair dados de https://www.zapimoveis.com.br/imovel/venda-apartamento-2-quartos-tijuca-rio-de-janeiro-85m2-id-2821720339/?source=showcase%2Crp: Message: invalid session id; For documentation on this error, please visit: https://www.selenium.dev/documentation/webdriver/troubleshooting/errors#invalidsessionidexception
Stacktrace:
	GetHandleVerifier [0x0x661a33+62339]
	GetHandleVerifier [0x0x661a74+62404]
	(No symbol) [0x0x4a1f80]
	(No symbol) [0x0x4dda98]
	(No symbol) [0x0x50f276]
	(No symbol) [0x0x50ae75]
	(No symbol) [0x0x50a3f6]
	(No symbol) [0x0x473a45]
	(No symbol) [0x0x473f9e]
	(No symbol) [0x0x47442d]
	GetHandleVerifier [0x0x8d65c3+2637587]
	GetHandleVerifier [0x0x8d19ca+2618138]
	GetHandleVerifier [0x0x6884aa+220666]
	GetHandleVerifier [0x0x6788d8+156200]
	GetHandleVerifier [0x0x67f06d+182717]
	(No symbol) [0x0x473710]
	(No symbol) [0x0x472f1d]
	GetHandleVerifier [0x0xa0a65c+3899308]
	BaseThreadInitThunk [0x0x75b47ba9+25]
	RtlInitializeExceptionChain [0x0x76efc0cb+107]
	RtlClearBits [0x0x76efc04f+191]

2025-07-19 16:50:41,019 INFO WDM Get LATEST chromedriver version for google-chrome
2025-07-19 16:50:41,416 INFO WDM Get LATEST chromedriver version for google-chrome
2025-07-19 16:50:41,629 INFO WDM Get LATEST chromedriver version for google-chrome
2025-07-19 16:50:42,104 INFO WDM Get LATEST chromedriver version for google-chrome
2025-07-19 16:50:42,306 INFO WDM Driver [C:\Users\rober\.wdm\drivers\chromedriver\win64\138.0.7204.157\chromedriver-win32/chromedriver.exe] found in cache
2025-07-19 16:50:42,696 INFO root Processando propriedade 8/10
2025-07-19 16:50:42,696 INFO root Extraindo dados de: https://www.zapimoveis.com.br/imovel/venda-apartamento-2-quartos-com-cozinha-taquara-rio-de-janeiro-67m2-id-2820622628/?source=ranking%2Crp
2025-07-19 16:50:42,751 INFO WDM Driver [C:\Users\rober\.wdm\drivers\chromedriver\win64\138.0.7204.157\chromedriver-win32/chromedriver.exe] found in cache
2025-07-19 16:50:43,397 INFO root Processando propriedade 8/10
2025-07-19 16:50:43,398 INFO root Extraindo dados de: https://www.zapimoveis.com.br/imovel/venda-apartamento-3-quartos-mobiliado-laranjeiras-rio-de-janeiro-95m2-id-2822470539/?source=showcase%2Crp
2025-07-19 16:50:43,890 INFO root Iniciando scraping ZapImóveis: https://www.zapimoveis.com.br/venda/apartamentos/rj+rio-de-janeiro/
2025-07-19 16:50:43,890 INFO root Buscando links em: https://www.zapimoveis.com.br/venda/apartamentos/rj+rio-de-janeiro/
2025-07-19 16:50:44,264 INFO root Iniciando scraping ZapImóveis: https://www.zapimoveis.com.br/venda/apartamentos/rj+rio-de-janeiro/
2025-07-19 16:50:44,264 INFO root Buscando links em: https://www.zapimoveis.com.br/venda/apartamentos/rj+rio-de-janeiro/
2025-07-19 16:50:45,152 ERROR root Erro ao extrair dados de https://www.zapimoveis.com.br/imovel/venda-apartamento-3-quartos-mobiliado-laranjeiras-rio-de-janeiro-95m2-id-2822470539/?source=showcase%2Crp: Message: invalid session id; For documentation on this error, please visit: https://www.selenium.dev/documentation/webdriver/troubleshooting/errors#invalidsessionidexception
Stacktrace:
	GetHandleVerifier [0x0x661a33+62339]
	GetHandleVerifier [0x0x661a74+62404]
	(No symbol) [0x0x4a1f80]
	(No symbol) [0x0x4dda98]
	(No symbol) [0x0x50f276]
	(No symbol) [0x0x50ae75]
	(No symbol) [0x0x50a3f6]
	(No symbol) [0x0x473a45]
	(No symbol) [0x0x473f9e]
	(No symbol) [0x0x47442d]
	GetHandleVerifier [0x0x8d65c3+2637587]
	GetHandleVerifier [0x0x8d19ca+2618138]
	GetHandleVerifier [0x0x6884aa+220666]
	GetHandleVerifier [0x0x6788d8+156200]
	GetHandleVerifier [0x0x67f06d+182717]
	(No symbol) [0x0x473710]
	(No symbol) [0x0x472f1d]
	GetHandleVerifier [0x0xa0a65c+3899308]
	BaseThreadInitThunk [0x0x75b47ba9+25]
	RtlInitializeExceptionChain [0x0x76efc0cb+107]
	RtlClearBits [0x0x76efc04f+191]

2025-07-19 16:50:46,314 INFO root Processando propriedade 8/10
2025-07-19 16:50:46,315 INFO root Extraindo dados de: https://www.zapimoveis.com.br/imovel/venda-apartamento-3-quartos-mobiliado-laranjeiras-rio-de-janeiro-95m2-id-2822470539/?source=showcase%2Crp
2025-07-19 16:50:46,865 ERROR root Erro ao extrair dados de https://www.zapimoveis.com.br/imovel/venda-apartamento-3-quartos-mobiliado-laranjeiras-rio-de-janeiro-95m2-id-2822470539/?source=showcase%2Crp: Message: invalid session id; For documentation on this error, please visit: https://www.selenium.dev/documentation/webdriver/troubleshooting/errors#invalidsessionidexception
Stacktrace:
	GetHandleVerifier [0x0x661a33+62339]
	GetHandleVerifier [0x0x661a74+62404]
	(No symbol) [0x0x4a1f80]
	(No symbol) [0x0x4dda98]
	(No symbol) [0x0x50f276]
	(No symbol) [0x0x50ae75]
	(No symbol) [0x0x50a3f6]
	(No symbol) [0x0x473a45]
	(No symbol) [0x0x473f9e]
	(No symbol) [0x0x47442d]
	GetHandleVerifier [0x0x8d65c3+2637587]
	GetHandleVerifier [0x0x8d19ca+2618138]
	GetHandleVerifier [0x0x6884aa+220666]
	GetHandleVerifier [0x0x6788d8+156200]
	GetHandleVerifier [0x0x67f06d+182717]
	(No symbol) [0x0x473710]
	(No symbol) [0x0x472f1d]
	GetHandleVerifier [0x0xa0a65c+3899308]
	BaseThreadInitThunk [0x0x75b47ba9+25]
	RtlInitializeExceptionChain [0x0x76efc0cb+107]
	RtlClearBits [0x0x76efc04f+191]

2025-07-19 16:50:47,157 ERROR root Erro ao extrair dados de https://www.zapimoveis.com.br/imovel/venda-apartamento-2-quartos-com-cozinha-taquara-rio-de-janeiro-67m2-id-2820622628/?source=ranking%2Crp: Message: no such window: target window already closed
from unknown error: web view not found
  (Session info: chrome=138.0.7204.158)
Stacktrace:
	GetHandleVerifier [0x0x661a33+62339]
	GetHandleVerifier [0x0x661a74+62404]
	(No symbol) [0x0x4a2123]
	(No symbol) [0x0x480fc9]
	(No symbol) [0x0x515aee]
	(No symbol) [0x0x530089]
	(No symbol) [0x0x50f1b6]
	(No symbol) [0x0x4de7a2]
	(No symbol) [0x0x4df644]
	GetHandleVerifier [0x0x8d65c3+2637587]
	GetHandleVerifier [0x0x8d19ca+2618138]
	GetHandleVerifier [0x0x6884aa+220666]
	GetHandleVerifier [0x0x6788d8+156200]
	GetHandleVerifier [0x0x67f06d+182717]
	GetHandleVerifier [0x0x669978+94920]
	GetHandleVerifier [0x0x669b02+95314]
	GetHandleVerifier [0x0x654c4a+9626]
	BaseThreadInitThunk [0x0x75b47ba9+25]
	RtlInitializeExceptionChain [0x0x76efc0cb+107]
	RtlClearBits [0x0x76efc04f+191]

2025-07-19 16:50:49,502 ERROR root Erro ao extrair dados de https://www.zapimoveis.com.br/imovel/venda-apartamento-3-quartos-mobiliado-laranjeiras-rio-de-janeiro-95m2-id-2822470539/?source=showcase%2Crp: Message: invalid session id; For documentation on this error, please visit: https://www.selenium.dev/documentation/webdriver/troubleshooting/errors#invalidsessionidexception
Stacktrace:
	GetHandleVerifier [0x0x661a33+62339]
	GetHandleVerifier [0x0x661a74+62404]
	(No symbol) [0x0x4a1f80]
	(No symbol) [0x0x4dda98]
	(No symbol) [0x0x50f276]
	(No symbol) [0x0x50ae75]
	(No symbol) [0x0x50a3f6]
	(No symbol) [0x0x473a45]
	(No symbol) [0x0x473f9e]
	(No symbol) [0x0x47442d]
	GetHandleVerifier [0x0x8d65c3+2637587]
	GetHandleVerifier [0x0x8d19ca+2618138]
	GetHandleVerifier [0x0x6884aa+220666]
	GetHandleVerifier [0x0x6788d8+156200]
	GetHandleVerifier [0x0x67f06d+182717]
	(No symbol) [0x0x473710]
	(No symbol) [0x0x472f1d]
	GetHandleVerifier [0x0xa0a65c+3899308]
	BaseThreadInitThunk [0x0x75b47ba9+25]
	RtlInitializeExceptionChain [0x0x76efc0cb+107]
	RtlClearBits [0x0x76efc04f+191]

2025-07-19 16:50:50,164 INFO root Processando página 1
2025-07-19 16:50:50,425 INFO root Processando propriedade 9/10
2025-07-19 16:50:50,426 INFO root Extraindo dados de: https://www.zapimoveis.com.br/imovel/venda-apartamento-3-quartos-laranjeiras-rio-de-janeiro-105m2-id-2822471942/?source=showcase%2Crp
2025-07-19 16:50:50,819 INFO root Processando propriedade 9/10
2025-07-19 16:50:50,820 INFO root Extraindo dados de: https://www.zapimoveis.com.br/imovel/venda-apartamento-2-quartos-com-cozinha-catete-rio-de-janeiro-78m2-id-2822469191/?source=ranking%2Crp
2025-07-19 16:50:50,869 INFO root Processando propriedade 9/10
2025-07-19 16:50:50,870 INFO root Extraindo dados de: https://www.zapimoveis.com.br/imovel/venda-apartamento-3-quartos-laranjeiras-rio-de-janeiro-105m2-id-2822471942/?source=showcase%2Crp
2025-07-19 16:50:51,375 INFO root Processando página 1
2025-07-19 16:50:54,639 ERROR root Erro ao extrair dados de https://www.zapimoveis.com.br/imovel/venda-apartamento-3-quartos-laranjeiras-rio-de-janeiro-105m2-id-2822471942/?source=showcase%2Crp: Message: invalid session id; For documentation on this error, please visit: https://www.selenium.dev/documentation/webdriver/troubleshooting/errors#invalidsessionidexception
Stacktrace:
	GetHandleVerifier [0x0x661a33+62339]
	GetHandleVerifier [0x0x661a74+62404]
	(No symbol) [0x0x4a1f80]
	(No symbol) [0x0x4dda98]
	(No symbol) [0x0x50f276]
	(No symbol) [0x0x50ae75]
	(No symbol) [0x0x50a3f6]
	(No symbol) [0x0x473a45]
	(No symbol) [0x0x473f9e]
	(No symbol) [0x0x47442d]
	GetHandleVerifier [0x0x8d65c3+2637587]
	GetHandleVerifier [0x0x8d19ca+2618138]
	GetHandleVerifier [0x0x6884aa+220666]
	GetHandleVerifier [0x0x6788d8+156200]
	GetHandleVerifier [0x0x67f06d+182717]
	(No symbol) [0x0x473710]
	(No symbol) [0x0x472f1d]
	GetHandleVerifier [0x0xa0a65c+3899308]
	BaseThreadInitThunk [0x0x75b47ba9+25]
	RtlInitializeExceptionChain [0x0x76efc0cb+107]
	RtlClearBits [0x0x76efc04f+191]

2025-07-19 16:50:54,837 ERROR root Erro ao extrair dados de https://www.zapimoveis.com.br/imovel/venda-apartamento-3-quartos-laranjeiras-rio-de-janeiro-105m2-id-2822471942/?source=showcase%2Crp: Message: invalid session id; For documentation on this error, please visit: https://www.selenium.dev/documentation/webdriver/troubleshooting/errors#invalidsessionidexception
Stacktrace:
	GetHandleVerifier [0x0x661a33+62339]
	GetHandleVerifier [0x0x661a74+62404]
	(No symbol) [0x0x4a1f80]
	(No symbol) [0x0x4dda98]
	(No symbol) [0x0x50f276]
	(No symbol) [0x0x50ae75]
	(No symbol) [0x0x50a3f6]
	(No symbol) [0x0x473a45]
	(No symbol) [0x0x473f9e]
	(No symbol) [0x0x47442d]
	GetHandleVerifier [0x0x8d65c3+2637587]
	GetHandleVerifier [0x0x8d19ca+2618138]
	GetHandleVerifier [0x0x6884aa+220666]
	GetHandleVerifier [0x0x6788d8+156200]
	GetHandleVerifier [0x0x67f06d+182717]
	(No symbol) [0x0x473710]
	(No symbol) [0x0x472f1d]
	GetHandleVerifier [0x0xa0a65c+3899308]
	BaseThreadInitThunk [0x0x75b47ba9+25]
	RtlInitializeExceptionChain [0x0x76efc0cb+107]
	RtlClearBits [0x0x76efc04f+191]

2025-07-19 16:50:54,995 INFO root Processando propriedade 9/10
2025-07-19 16:50:54,995 INFO root Extraindo dados de: https://www.zapimoveis.com.br/imovel/venda-apartamento-3-quartos-laranjeiras-rio-de-janeiro-105m2-id-2822471942/?source=showcase%2Crp
2025-07-19 16:50:55,137 ERROR root Erro ao extrair dados de https://www.zapimoveis.com.br/imovel/venda-apartamento-2-quartos-com-cozinha-catete-rio-de-janeiro-78m2-id-2822469191/?source=ranking%2Crp: Message: no such window: target window already closed
from unknown error: web view not found
  (Session info: chrome=138.0.7204.158)
Stacktrace:
	GetHandleVerifier [0x0x661a33+62339]
	GetHandleVerifier [0x0x661a74+62404]
	(No symbol) [0x0x4a2123]
	(No symbol) [0x0x480fc9]
	(No symbol) [0x0x515aee]
	(No symbol) [0x0x530089]
	(No symbol) [0x0x50f1b6]
	(No symbol) [0x0x4de7a2]
	(No symbol) [0x0x4df644]
	GetHandleVerifier [0x0x8d65c3+2637587]
	GetHandleVerifier [0x0x8d19ca+2618138]
	GetHandleVerifier [0x0x6884aa+220666]
	GetHandleVerifier [0x0x6788d8+156200]
	GetHandleVerifier [0x0x67f06d+182717]
	GetHandleVerifier [0x0x669978+94920]
	GetHandleVerifier [0x0x669b02+95314]
	GetHandleVerifier [0x0x654c4a+9626]
	BaseThreadInitThunk [0x0x75b47ba9+25]
	RtlInitializeExceptionChain [0x0x76efc0cb+107]
	RtlClearBits [0x0x76efc04f+191]

2025-07-19 16:50:55,903 INFO root Encontrados 71 elementos com seletor: a[href*="/imovel/"]
2025-07-19 16:50:56,351 INFO root Encontrados 46 links únicos na página 1
2025-07-19 16:50:57,095 INFO root Encontrados 50 elementos com seletor: a[href*="/imovel/"]
2025-07-19 16:50:57,364 INFO root Encontrados 25 links únicos na página 1
2025-07-19 16:50:58,157 ERROR root Erro ao extrair dados de https://www.zapimoveis.com.br/imovel/venda-apartamento-3-quartos-laranjeiras-rio-de-janeiro-105m2-id-2822471942/?source=showcase%2Crp: Message: invalid session id; For documentation on this error, please visit: https://www.selenium.dev/documentation/webdriver/troubleshooting/errors#invalidsessionidexception
Stacktrace:
	GetHandleVerifier [0x0x661a33+62339]
	GetHandleVerifier [0x0x661a74+62404]
	(No symbol) [0x0x4a1f80]
	(No symbol) [0x0x4dda98]
	(No symbol) [0x0x50f276]
	(No symbol) [0x0x50ae75]
	(No symbol) [0x0x50a3f6]
	(No symbol) [0x0x473a45]
	(No symbol) [0x0x473f9e]
	(No symbol) [0x0x47442d]
	GetHandleVerifier [0x0x8d65c3+2637587]
	GetHandleVerifier [0x0x8d19ca+2618138]
	GetHandleVerifier [0x0x6884aa+220666]
	GetHandleVerifier [0x0x6788d8+156200]
	GetHandleVerifier [0x0x67f06d+182717]
	(No symbol) [0x0x473710]
	(No symbol) [0x0x472f1d]
	GetHandleVerifier [0x0xa0a65c+3899308]
	BaseThreadInitThunk [0x0x75b47ba9+25]
	RtlInitializeExceptionChain [0x0x76efc0cb+107]
	RtlClearBits [0x0x76efc04f+191]

2025-07-19 16:50:59,742 INFO root Processando propriedade 10/10
2025-07-19 16:50:59,742 INFO root Extraindo dados de: https://www.zapimoveis.com.br/imovel/venda-apartamento-2-quartos-com-cozinha-taquara-rio-de-janeiro-67m2-id-2820622628/?source=showcase%2Crp
2025-07-19 16:50:59,972 INFO root Buscando propriedades: rio-de-janeiro, apartamento, zapimoveis
2025-07-19 16:50:59,973 INFO WDM ====== WebDriver manager ======
2025-07-19 16:51:00,348 INFO root Processando propriedade 10/10
2025-07-19 16:51:00,353 INFO root Extraindo dados de: https://www.zapimoveis.com.br/imovel/venda-apartamento-2-quartos-campo-grande-rio-de-janeiro-50m2-id-2789289218/?source=ranking%2Crp
2025-07-19 16:51:00,354 INFO root Buscando propriedades: rio-de-janeiro, apartamento, zapimoveis
2025-07-19 16:51:00,354 INFO WDM ====== WebDriver manager ======
2025-07-19 16:51:00,592 INFO root Processando página 2
2025-07-19 16:51:00,603 INFO root Processando propriedade 10/10
2025-07-19 16:51:00,604 INFO root Extraindo dados de: https://www.zapimoveis.com.br/imovel/venda-apartamento-2-quartos-com-cozinha-taquara-rio-de-janeiro-67m2-id-2820622628/?source=showcase%2Crp
2025-07-19 16:51:01,206 INFO WDM Get LATEST chromedriver version for google-chrome
2025-07-19 16:51:01,650 INFO WDM Get LATEST chromedriver version for google-chrome
2025-07-19 16:51:01,898 INFO WDM Get LATEST chromedriver version for google-chrome
2025-07-19 16:51:02,305 INFO WDM Get LATEST chromedriver version for google-chrome
2025-07-19 16:51:02,608 INFO WDM Driver [C:\Users\rober\.wdm\drivers\chromedriver\win64\138.0.7204.157\chromedriver-win32/chromedriver.exe] found in cache
2025-07-19 16:51:02,751 INFO root Processando página 2
2025-07-19 16:51:02,931 INFO WDM Driver [C:\Users\rober\.wdm\drivers\chromedriver\win64\138.0.7204.157\chromedriver-win32/chromedriver.exe] found in cache
2025-07-19 16:51:03,262 ERROR root Erro ao extrair dados de https://www.zapimoveis.com.br/imovel/venda-apartamento-2-quartos-com-cozinha-taquara-rio-de-janeiro-67m2-id-2820622628/?source=showcase%2Crp: Message: invalid session id; For documentation on this error, please visit: https://www.selenium.dev/documentation/webdriver/troubleshooting/errors#invalidsessionidexception
Stacktrace:
	GetHandleVerifier [0x0x661a33+62339]
	GetHandleVerifier [0x0x661a74+62404]
	(No symbol) [0x0x4a1f80]
	(No symbol) [0x0x4dda98]
	(No symbol) [0x0x50f276]
	(No symbol) [0x0x50ae75]
	(No symbol) [0x0x50a3f6]
	(No symbol) [0x0x473a45]
	(No symbol) [0x0x473f9e]
	(No symbol) [0x0x47442d]
	GetHandleVerifier [0x0x8d65c3+2637587]
	GetHandleVerifier [0x0x8d19ca+2618138]
	GetHandleVerifier [0x0x6884aa+220666]
	GetHandleVerifier [0x0x6788d8+156200]
	GetHandleVerifier [0x0x67f06d+182717]
	(No symbol) [0x0x473710]
	(No symbol) [0x0x472f1d]
	GetHandleVerifier [0x0xa0a65c+3899308]
	BaseThreadInitThunk [0x0x75b47ba9+25]
	RtlInitializeExceptionChain [0x0x76efc0cb+107]
	RtlClearBits [0x0x76efc04f+191]

2025-07-19 16:51:03,518 INFO root Iniciando scraping ZapImóveis: https://www.zapimoveis.com.br/venda/apartamentos/rj+rio-de-janeiro/
2025-07-19 16:51:03,518 INFO root Buscando links em: https://www.zapimoveis.com.br/venda/apartamentos/rj+rio-de-janeiro/
2025-07-19 16:51:03,802 ERROR root Erro ao extrair dados de https://www.zapimoveis.com.br/imovel/venda-apartamento-2-quartos-com-cozinha-taquara-rio-de-janeiro-67m2-id-2820622628/?source=showcase%2Crp: Message: invalid session id; For documentation on this error, please visit: https://www.selenium.dev/documentation/webdriver/troubleshooting/errors#invalidsessionidexception
Stacktrace:
	GetHandleVerifier [0x0x661a33+62339]
	GetHandleVerifier [0x0x661a74+62404]
	(No symbol) [0x0x4a1f80]
	(No symbol) [0x0x4dda98]
	(No symbol) [0x0x50f276]
	(No symbol) [0x0x50ae75]
	(No symbol) [0x0x50a3f6]
	(No symbol) [0x0x473a45]
	(No symbol) [0x0x473f9e]
	(No symbol) [0x0x47442d]
	GetHandleVerifier [0x0x8d65c3+2637587]
	GetHandleVerifier [0x0x8d19ca+2618138]
	GetHandleVerifier [0x0x6884aa+220666]
	GetHandleVerifier [0x0x6788d8+156200]
	GetHandleVerifier [0x0x67f06d+182717]
	(No symbol) [0x0x473710]
	(No symbol) [0x0x472f1d]
	GetHandleVerifier [0x0xa0a65c+3899308]
	BaseThreadInitThunk [0x0x75b47ba9+25]
	RtlInitializeExceptionChain [0x0x76efc0cb+107]
	RtlClearBits [0x0x76efc04f+191]

2025-07-19 16:51:04,151 INFO root Processando propriedade 10/10
2025-07-19 16:51:04,151 INFO root Extraindo dados de: https://www.zapimoveis.com.br/imovel/venda-apartamento-2-quartos-com-cozinha-taquara-rio-de-janeiro-67m2-id-2820622628/?source=showcase%2Crp
2025-07-19 16:51:04,815 INFO root Iniciando scraping ZapImóveis: https://www.zapimoveis.com.br/venda/apartamentos/rj+rio-de-janeiro/
2025-07-19 16:51:04,816 INFO root Buscando links em: https://www.zapimoveis.com.br/venda/apartamentos/rj+rio-de-janeiro/
2025-07-19 16:51:05,182 ERROR root Erro ao extrair dados de https://www.zapimoveis.com.br/imovel/venda-apartamento-2-quartos-campo-grande-rio-de-janeiro-50m2-id-2789289218/?source=ranking%2Crp: Message: no such window: target window already closed
from unknown error: web view not found
  (Session info: chrome=138.0.7204.158)
Stacktrace:
	GetHandleVerifier [0x0x661a33+62339]
	GetHandleVerifier [0x0x661a74+62404]
	(No symbol) [0x0x4a2123]
	(No symbol) [0x0x480fc9]
	(No symbol) [0x0x515aee]
	(No symbol) [0x0x530089]
	(No symbol) [0x0x50f1b6]
	(No symbol) [0x0x4de7a2]
	(No symbol) [0x0x4df644]
	GetHandleVerifier [0x0x8d65c3+2637587]
	GetHandleVerifier [0x0x8d19ca+2618138]
	GetHandleVerifier [0x0x6884aa+220666]
	GetHandleVerifier [0x0x6788d8+156200]
	GetHandleVerifier [0x0x67f06d+182717]
	GetHandleVerifier [0x0x669978+94920]
	GetHandleVerifier [0x0x669b02+95314]
	GetHandleVerifier [0x0x654c4a+9626]
	BaseThreadInitThunk [0x0x75b47ba9+25]
	RtlInitializeExceptionChain [0x0x76efc0cb+107]
	RtlClearBits [0x0x76efc04f+191]

2025-07-19 16:51:08,003 INFO root Scraping ZapImóveis concluído! 3 propriedades extraídas.
2025-07-19 16:51:08,188 INFO root Scraping ZapImóveis concluído! 3 propriedades extraídas.
2025-07-19 16:51:08,358 INFO root Encontrados 71 elementos com seletor: a[href*="/imovel/"]
2025-07-19 16:51:08,563 INFO root Encontrados 0 links únicos na página 2
2025-07-19 16:51:08,607 ERROR root Erro ao extrair dados de https://www.zapimoveis.com.br/imovel/venda-apartamento-2-quartos-com-cozinha-taquara-rio-de-janeiro-67m2-id-2820622628/?source=showcase%2Crp: Message: invalid session id; For documentation on this error, please visit: https://www.selenium.dev/documentation/webdriver/troubleshooting/errors#invalidsessionidexception
Stacktrace:
	GetHandleVerifier [0x0x661a33+62339]
	GetHandleVerifier [0x0x661a74+62404]
	(No symbol) [0x0x4a1f80]
	(No symbol) [0x0x4dda98]
	(No symbol) [0x0x50f276]
	(No symbol) [0x0x50ae75]
	(No symbol) [0x0x50a3f6]
	(No symbol) [0x0x473a45]
	(No symbol) [0x0x473f9e]
	(No symbol) [0x0x47442d]
	GetHandleVerifier [0x0x8d65c3+2637587]
	GetHandleVerifier [0x0x8d19ca+2618138]
	GetHandleVerifier [0x0x6884aa+220666]
	GetHandleVerifier [0x0x6788d8+156200]
	GetHandleVerifier [0x0x67f06d+182717]
	(No symbol) [0x0x473710]
	(No symbol) [0x0x472f1d]
	GetHandleVerifier [0x0xa0a65c+3899308]
	BaseThreadInitThunk [0x0x75b47ba9+25]
	RtlInitializeExceptionChain [0x0x76efc0cb+107]
	RtlClearBits [0x0x76efc04f+191]

2025-07-19 16:51:08,991 INFO root Encontrados 21 links únicos na página 2
2025-07-19 16:51:09,633 INFO root Processando página 1
2025-07-19 16:51:10,026 INFO root ZapImóveis Scraper fechado.
2025-07-19 16:51:10,027 INFO root ZapImóveis retornou 3 propriedades
2025-07-19 16:51:10,027 INFO werkzeug 127.0.0.1 - - [19/Jul/2025 16:51:10] "GET /api/properties/search?city=rio-de-janeiro&property_type=apartamento&portal=zapimoveis&max_results=20&propertyType=apartamento&maxResults=20 HTTP/1.1" 200 -
2025-07-19 16:51:10,209 INFO root ZapImóveis Scraper fechado.
2025-07-19 16:51:10,210 INFO root ZapImóveis retornou 3 propriedades
2025-07-19 16:51:10,210 INFO werkzeug 127.0.0.1 - - [19/Jul/2025 16:51:10] "GET /api/properties/search?city=rio-de-janeiro&property_type=apartamento&portal=zapimoveis&max_results=20&propertyType=apartamento&maxResults=20 HTTP/1.1" 200 -
2025-07-19 16:51:10,959 INFO root Scraping ZapImóveis concluído! 4 propriedades extraídas.
2025-07-19 16:51:11,221 INFO root Processando página 1
2025-07-19 16:51:12,867 INFO root Processando página 3
2025-07-19 16:51:12,983 INFO root ZapImóveis Scraper fechado.
2025-07-19 16:51:12,983 INFO root ZapImóveis retornou 4 propriedades
2025-07-19 16:51:12,984 INFO werkzeug 127.0.0.1 - - [19/Jul/2025 16:51:12] "GET /api/properties/search?city=rio-de-janeiro&property_type=apartamento&portal=zapimoveis&max_results=20&propertyType=apartamento&maxResults=20 HTTP/1.1" 200 -
2025-07-19 16:51:14,378 INFO root Scraping ZapImóveis concluído! 3 propriedades extraídas.
2025-07-19 16:51:15,248 INFO root Encontrados 50 elementos com seletor: a[href*="/imovel/"]
2025-07-19 16:51:15,401 INFO root Processando página 3
2025-07-19 16:51:15,522 INFO root Encontrados 25 links únicos na página 1
2025-07-19 16:51:16,408 INFO root ZapImóveis Scraper fechado.
2025-07-19 16:51:16,409 INFO root ZapImóveis retornou 3 propriedades
2025-07-19 16:51:16,410 INFO werkzeug 127.0.0.1 - - [19/Jul/2025 16:51:16] "GET /api/properties/search?city=rio-de-janeiro&property_type=apartamento&portal=zapimoveis&max_results=20&propertyType=apartamento&maxResults=20 HTTP/1.1" 200 -
2025-07-19 16:51:16,730 INFO root Encontrados 50 elementos com seletor: a[href*="/imovel/"]
2025-07-19 16:51:17,057 INFO root Encontrados 25 links únicos na página 1
2025-07-19 16:51:18,230 INFO root Encontrados 50 elementos com seletor: a[href*="/imovel/"]
2025-07-19 16:51:18,494 INFO root Encontrados 0 links únicos na página 3
2025-07-19 16:51:18,495 INFO root Total de 46 links únicos encontrados
2025-07-19 16:51:18,495 INFO root Extraindo detalhes de 10 propriedades...
2025-07-19 16:51:18,495 INFO root Processando propriedade 1/10
2025-07-19 16:51:18,496 INFO root Extraindo dados de: https://www.zapimoveis.com.br/imovel/venda-apartamento-3-quartos-com-elevador-ipanema-zona-sul-rio-de-janeiro-rj-130m2-id-2773502621/?source=ranking%2Crp
2025-07-19 16:51:19,463 INFO root Buscando propriedades: sao-paulo, apartamento, zapimoveis
2025-07-19 16:51:19,463 INFO WDM ====== WebDriver manager ======
2025-07-19 16:51:20,737 INFO root Encontrados 50 elementos com seletor: a[href*="/imovel/"]
2025-07-19 16:51:21,087 INFO root Encontrados 0 links únicos na página 3
2025-07-19 16:51:21,087 INFO root Total de 46 links únicos encontrados
2025-07-19 16:51:21,087 INFO root Extraindo detalhes de 10 propriedades...
2025-07-19 16:51:21,088 INFO root Processando propriedade 1/10
2025-07-19 16:51:21,088 INFO root Extraindo dados de: https://www.zapimoveis.com.br/imovel/venda-apartamento-3-quartos-com-elevador-ipanema-zona-sul-rio-de-janeiro-rj-130m2-id-2773502621/?source=showcase%2Crp
2025-07-19 16:51:21,317 INFO WDM Get LATEST chromedriver version for google-chrome
2025-07-19 16:51:21,318 INFO root Processando página 2
2025-07-19 16:51:21,596 INFO root Processando página 2
2025-07-19 16:51:21,854 INFO WDM Get LATEST chromedriver version for google-chrome
2025-07-19 16:51:22,360 INFO WDM Driver [C:\Users\rober\.wdm\drivers\chromedriver\win64\138.0.7204.157\chromedriver-win32/chromedriver.exe] found in cache
2025-07-19 16:51:23,263 INFO root Iniciando scraping ZapImóveis: https://www.zapimoveis.com.br/venda/apartamentos/sp+sao-paulo/
2025-07-19 16:51:23,263 INFO root Buscando links em: https://www.zapimoveis.com.br/venda/apartamentos/sp+sao-paulo/
2025-07-19 16:51:26,406 INFO root Encontrados 0 links únicos na página 2
2025-07-19 16:51:26,470 WARNING root Não foi possível ir para página 3
2025-07-19 16:51:26,470 INFO root Total de 25 links únicos encontrados
2025-07-19 16:51:26,470 INFO root Extraindo detalhes de 10 propriedades...
2025-07-19 16:51:26,471 INFO root Processando propriedade 1/10
2025-07-19 16:51:26,471 INFO root Extraindo dados de: https://www.zapimoveis.com.br/imovel/venda-apartamento-3-quartos-com-elevador-ipanema-zona-sul-rio-de-janeiro-rj-130m2-id-2773502621/?source=showcase%2Crp
2025-07-19 16:51:26,673 INFO root Encontrados 0 links únicos na página 2
2025-07-19 16:51:26,709 WARNING root Não foi possível ir para página 3
2025-07-19 16:51:26,709 INFO root Total de 25 links únicos encontrados
2025-07-19 16:51:26,710 INFO root Extraindo detalhes de 10 propriedades...
2025-07-19 16:51:26,710 INFO root Processando propriedade 1/10
2025-07-19 16:51:26,710 INFO root Extraindo dados de: https://www.zapimoveis.com.br/imovel/venda-apartamento-3-quartos-com-elevador-ipanema-zona-sul-rio-de-janeiro-rj-130m2-id-2773502621/?source=showcase%2Crp
2025-07-19 16:51:30,731 INFO root Processando página 1
2025-07-19 16:51:35,747 INFO root Processando propriedade 2/10
2025-07-19 16:51:35,747 INFO root Extraindo dados de: https://www.zapimoveis.com.br/imovel/venda-apartamento-2-quartos-com-ar-condicionado-andarai-zona-norte-rio-de-janeiro-rj-95m2-id-2815156221/?source=ranking%2Crp
2025-07-19 16:51:35,854 INFO root Encontrados 0 links únicos na página 1
2025-07-19 16:51:35,909 WARNING root Não foi possível ir para página 2
2025-07-19 16:51:35,910 INFO root Total de 0 links únicos encontrados
2025-07-19 16:51:35,910 WARNING root Nenhum link de propriedade encontrado
2025-07-19 16:51:36,161 ERROR root Erro ao extrair dados de https://www.zapimoveis.com.br/imovel/venda-apartamento-3-quartos-com-elevador-ipanema-zona-sul-rio-de-janeiro-rj-130m2-id-2773502621/?source=showcase%2Crp: Message: invalid session id: session deleted as the browser has closed the connection
from disconnected: not connected to DevTools
  (Session info: chrome=138.0.7204.158); For documentation on this error, please visit: https://www.selenium.dev/documentation/webdriver/troubleshooting/errors#invalidsessionidexception
Stacktrace:
	GetHandleVerifier [0x0x661a33+62339]
	GetHandleVerifier [0x0x661a74+62404]
	(No symbol) [0x0x4a2123]
	(No symbol) [0x0x491b30]
	(No symbol) [0x0x4af8f2]
	(No symbol) [0x0x515cbc]
	(No symbol) [0x0x530089]
	(No symbol) [0x0x50f1b6]
	(No symbol) [0x0x4de7a2]
	(No symbol) [0x0x4df644]
	GetHandleVerifier [0x0x8d65c3+2637587]
	GetHandleVerifier [0x0x8d19ca+2618138]
	GetHandleVerifier [0x0x6884aa+220666]
	GetHandleVerifier [0x0x6788d8+156200]
	GetHandleVerifier [0x0x67f06d+182717]
	GetHandleVerifier [0x0x669978+94920]
	GetHandleVerifier [0x0x669b02+95314]
	GetHandleVerifier [0x0x654c4a+9626]
	BaseThreadInitThunk [0x0x75b47ba9+25]
	RtlInitializeExceptionChain [0x0x76efc0cb+107]
	RtlClearBits [0x0x76efc04f+191]

2025-07-19 16:51:37,940 INFO root ZapImóveis Scraper fechado.
2025-07-19 16:51:37,940 INFO root ZapImóveis retornou 0 propriedades
2025-07-19 16:51:37,941 INFO werkzeug 127.0.0.1 - - [19/Jul/2025 16:51:37] "GET /api/properties/search?city=sao-paulo&property_type=apartamento&portal=zapimoveis&max_results=20&propertyType=apartamento&maxResults=20 HTTP/1.1" 200 -
2025-07-19 16:51:37,948 INFO root Processando propriedade 2/10
2025-07-19 16:51:37,948 INFO root Extraindo dados de: https://www.zapimoveis.com.br/imovel/venda-apartamento-2-quartos-com-ar-condicionado-andarai-zona-norte-rio-de-janeiro-rj-95m2-id-2815156221/?source=showcase%2Crp
2025-07-19 16:51:39,622 ERROR root Erro ao extrair dados de https://www.zapimoveis.com.br/imovel/venda-apartamento-2-quartos-com-ar-condicionado-andarai-zona-norte-rio-de-janeiro-rj-95m2-id-2815156221/?source=ranking%2Crp: Message: invalid session id: session deleted as the browser has closed the connection
from disconnected: not connected to DevTools
  (Session info: chrome=138.0.7204.158); For documentation on this error, please visit: https://www.selenium.dev/documentation/webdriver/troubleshooting/errors#invalidsessionidexception
Stacktrace:
	GetHandleVerifier [0x0x661a33+62339]
	GetHandleVerifier [0x0x661a74+62404]
	(No symbol) [0x0x4a2123]
	(No symbol) [0x0x491b30]
	(No symbol) [0x0x4af8f2]
	(No symbol) [0x0x515cbc]
	(No symbol) [0x0x530089]
	(No symbol) [0x0x50f1b6]
	(No symbol) [0x0x4de7a2]
	(No symbol) [0x0x4df644]
	GetHandleVerifier [0x0x8d65c3+2637587]
	GetHandleVerifier [0x0x8d19ca+2618138]
	GetHandleVerifier [0x0x6884aa+220666]
	GetHandleVerifier [0x0x6788d8+156200]
	GetHandleVerifier [0x0x67f06d+182717]
	GetHandleVerifier [0x0x669978+94920]
	GetHandleVerifier [0x0x669b02+95314]
	GetHandleVerifier [0x0x654c4a+9626]
	BaseThreadInitThunk [0x0x75b47ba9+25]
	RtlInitializeExceptionChain [0x0x76efc0cb+107]
	RtlClearBits [0x0x76efc04f+191]

2025-07-19 16:51:40,759 INFO root Processando propriedade 2/10
2025-07-19 16:51:40,760 INFO root Extraindo dados de: https://www.zapimoveis.com.br/imovel/venda-apartamento-2-quartos-com-ar-condicionado-andarai-zona-norte-rio-de-janeiro-rj-95m2-id-2815156221/?source=showcase%2Crp
2025-07-19 16:51:41,660 INFO root Processando propriedade 2/10
2025-07-19 16:51:41,660 INFO root Extraindo dados de: https://www.zapimoveis.com.br/imovel/venda-apartamento-2-quartos-com-ar-condicionado-andarai-zona-norte-rio-de-janeiro-rj-95m2-id-2815156221/?source=showcase%2Crp
2025-07-19 16:51:42,542 ERROR root Erro ao extrair dados de https://www.zapimoveis.com.br/imovel/venda-apartamento-2-quartos-com-ar-condicionado-andarai-zona-norte-rio-de-janeiro-rj-95m2-id-2815156221/?source=showcase%2Crp: Message: invalid session id: session deleted as the browser has closed the connection
from disconnected: not connected to DevTools
  (Session info: chrome=138.0.7204.158); For documentation on this error, please visit: https://www.selenium.dev/documentation/webdriver/troubleshooting/errors#invalidsessionidexception
Stacktrace:
	GetHandleVerifier [0x0x661a33+62339]
	GetHandleVerifier [0x0x661a74+62404]
	(No symbol) [0x0x4a2123]
	(No symbol) [0x0x491b30]
	(No symbol) [0x0x4af8f2]
	(No symbol) [0x0x515cbc]
	(No symbol) [0x0x530089]
	(No symbol) [0x0x50f1b6]
	(No symbol) [0x0x4de7a2]
	(No symbol) [0x0x4df644]
	GetHandleVerifier [0x0x8d65c3+2637587]
	GetHandleVerifier [0x0x8d19ca+2618138]
	GetHandleVerifier [0x0x6884aa+220666]
	GetHandleVerifier [0x0x6788d8+156200]
	GetHandleVerifier [0x0x67f06d+182717]
	GetHandleVerifier [0x0x669978+94920]
	GetHandleVerifier [0x0x669b02+95314]
	GetHandleVerifier [0x0x654c4a+9626]
	BaseThreadInitThunk [0x0x75b47ba9+25]
	RtlInitializeExceptionChain [0x0x76efc0cb+107]
	RtlClearBits [0x0x76efc04f+191]

2025-07-19 16:51:42,734 INFO root Processando propriedade 3/10
2025-07-19 16:51:42,734 INFO root Extraindo dados de: https://www.zapimoveis.com.br/imovel/venda-apartamento-3-quartos-com-interfone-ipanema-zona-sul-rio-de-janeiro-rj-170m2-id-2754649052/?source=ranking%2Crp
2025-07-19 16:51:44,752 ERROR root Erro ao extrair dados de https://www.zapimoveis.com.br/imovel/venda-apartamento-2-quartos-com-ar-condicionado-andarai-zona-norte-rio-de-janeiro-rj-95m2-id-2815156221/?source=showcase%2Crp: Message: invalid session id; For documentation on this error, please visit: https://www.selenium.dev/documentation/webdriver/troubleshooting/errors#invalidsessionidexception
Stacktrace:
	GetHandleVerifier [0x0x661a33+62339]
	GetHandleVerifier [0x0x661a74+62404]
	(No symbol) [0x0x4a1f80]
	(No symbol) [0x0x4dda98]
	(No symbol) [0x0x50f276]
	(No symbol) [0x0x50ae75]
	(No symbol) [0x0x50a3f6]
	(No symbol) [0x0x473a45]
	(No symbol) [0x0x473f9e]
	(No symbol) [0x0x47442d]
	GetHandleVerifier [0x0x8d65c3+2637587]
	GetHandleVerifier [0x0x8d19ca+2618138]
	GetHandleVerifier [0x0x6884aa+220666]
	GetHandleVerifier [0x0x6788d8+156200]
	GetHandleVerifier [0x0x67f06d+182717]
	(No symbol) [0x0x473710]
	(No symbol) [0x0x472f1d]
	GetHandleVerifier [0x0xa0a65c+3899308]
	BaseThreadInitThunk [0x0x75b47ba9+25]
	RtlInitializeExceptionChain [0x0x76efc0cb+107]
	RtlClearBits [0x0x76efc04f+191]

2025-07-19 16:51:45,278 ERROR root Erro ao extrair dados de https://www.zapimoveis.com.br/imovel/venda-apartamento-2-quartos-com-ar-condicionado-andarai-zona-norte-rio-de-janeiro-rj-95m2-id-2815156221/?source=showcase%2Crp: Message: invalid session id; For documentation on this error, please visit: https://www.selenium.dev/documentation/webdriver/troubleshooting/errors#invalidsessionidexception
Stacktrace:
	GetHandleVerifier [0x0x661a33+62339]
	GetHandleVerifier [0x0x661a74+62404]
	(No symbol) [0x0x4a1f80]
	(No symbol) [0x0x4dda98]
	(No symbol) [0x0x50f276]
	(No symbol) [0x0x50ae75]
	(No symbol) [0x0x50a3f6]
	(No symbol) [0x0x473a45]
	(No symbol) [0x0x473f9e]
	(No symbol) [0x0x47442d]
	GetHandleVerifier [0x0x8d65c3+2637587]
	GetHandleVerifier [0x0x8d19ca+2618138]
	GetHandleVerifier [0x0x6884aa+220666]
	GetHandleVerifier [0x0x6788d8+156200]
	GetHandleVerifier [0x0x67f06d+182717]
	(No symbol) [0x0x473710]
	(No symbol) [0x0x472f1d]
	GetHandleVerifier [0x0xa0a65c+3899308]
	BaseThreadInitThunk [0x0x75b47ba9+25]
	RtlInitializeExceptionChain [0x0x76efc0cb+107]
	RtlClearBits [0x0x76efc04f+191]

2025-07-19 16:51:45,796 INFO root Processando propriedade 3/10
2025-07-19 16:51:45,796 INFO root Extraindo dados de: https://www.zapimoveis.com.br/imovel/venda-apartamento-3-quartos-com-interfone-ipanema-zona-sul-rio-de-janeiro-rj-170m2-id-2754649052/?source=showcase%2Crp
2025-07-19 16:51:47,130 ERROR root Erro ao extrair dados de https://www.zapimoveis.com.br/imovel/venda-apartamento-3-quartos-com-interfone-ipanema-zona-sul-rio-de-janeiro-rj-170m2-id-2754649052/?source=ranking%2Crp: Message: invalid session id; For documentation on this error, please visit: https://www.selenium.dev/documentation/webdriver/troubleshooting/errors#invalidsessionidexception
Stacktrace:
	GetHandleVerifier [0x0x661a33+62339]
	GetHandleVerifier [0x0x661a74+62404]
	(No symbol) [0x0x4a1f80]
	(No symbol) [0x0x4dda98]
	(No symbol) [0x0x50f276]
	(No symbol) [0x0x50ae75]
	(No symbol) [0x0x50a3f6]
	(No symbol) [0x0x473a45]
	(No symbol) [0x0x473f9e]
	(No symbol) [0x0x47442d]
	GetHandleVerifier [0x0x8d65c3+2637587]
	GetHandleVerifier [0x0x8d19ca+2618138]
	GetHandleVerifier [0x0x6884aa+220666]
	GetHandleVerifier [0x0x6788d8+156200]
	GetHandleVerifier [0x0x67f06d+182717]
	(No symbol) [0x0x473710]
	(No symbol) [0x0x472f1d]
	GetHandleVerifier [0x0xa0a65c+3899308]
	BaseThreadInitThunk [0x0x75b47ba9+25]
	RtlInitializeExceptionChain [0x0x76efc0cb+107]
	RtlClearBits [0x0x76efc04f+191]

2025-07-19 16:51:48,671 INFO root Processando propriedade 3/10
2025-07-19 16:51:48,672 INFO root Extraindo dados de: https://www.zapimoveis.com.br/imovel/venda-apartamento-3-quartos-com-interfone-ipanema-zona-sul-rio-de-janeiro-rj-170m2-id-2754649052/?source=showcase%2Crp
2025-07-19 16:51:50,689 INFO root Processando propriedade 3/10
2025-07-19 16:51:50,690 INFO root Extraindo dados de: https://www.zapimoveis.com.br/imovel/venda-apartamento-3-quartos-com-interfone-ipanema-zona-sul-rio-de-janeiro-rj-170m2-id-2754649052/?source=showcase%2Crp
2025-07-19 16:51:50,762 ERROR root Erro ao extrair dados de https://www.zapimoveis.com.br/imovel/venda-apartamento-3-quartos-com-interfone-ipanema-zona-sul-rio-de-janeiro-rj-170m2-id-2754649052/?source=showcase%2Crp: Message: invalid session id; For documentation on this error, please visit: https://www.selenium.dev/documentation/webdriver/troubleshooting/errors#invalidsessionidexception
Stacktrace:
	GetHandleVerifier [0x0x661a33+62339]
	GetHandleVerifier [0x0x661a74+62404]
	(No symbol) [0x0x4a1f80]
	(No symbol) [0x0x4dda98]
	(No symbol) [0x0x50f276]
	(No symbol) [0x0x50ae75]
	(No symbol) [0x0x50a3f6]
	(No symbol) [0x0x473a45]
	(No symbol) [0x0x473f9e]
	(No symbol) [0x0x47442d]
	GetHandleVerifier [0x0x8d65c3+2637587]
	GetHandleVerifier [0x0x8d19ca+2618138]
	GetHandleVerifier [0x0x6884aa+220666]
	GetHandleVerifier [0x0x6788d8+156200]
	GetHandleVerifier [0x0x67f06d+182717]
	(No symbol) [0x0x473710]
	(No symbol) [0x0x472f1d]
	GetHandleVerifier [0x0xa0a65c+3899308]
	BaseThreadInitThunk [0x0x75b47ba9+25]
	RtlInitializeExceptionChain [0x0x76efc0cb+107]
	RtlClearBits [0x0x76efc04f+191]

2025-07-19 16:51:52,419 ERROR root Erro ao extrair dados de https://www.zapimoveis.com.br/imovel/venda-apartamento-3-quartos-com-interfone-ipanema-zona-sul-rio-de-janeiro-rj-170m2-id-2754649052/?source=showcase%2Crp: Message: invalid session id; For documentation on this error, please visit: https://www.selenium.dev/documentation/webdriver/troubleshooting/errors#invalidsessionidexception
Stacktrace:
	GetHandleVerifier [0x0x661a33+62339]
	GetHandleVerifier [0x0x661a74+62404]
	(No symbol) [0x0x4a1f80]
	(No symbol) [0x0x4dda98]
	(No symbol) [0x0x50f276]
	(No symbol) [0x0x50ae75]
	(No symbol) [0x0x50a3f6]
	(No symbol) [0x0x473a45]
	(No symbol) [0x0x473f9e]
	(No symbol) [0x0x47442d]
	GetHandleVerifier [0x0x8d65c3+2637587]
	GetHandleVerifier [0x0x8d19ca+2618138]
	GetHandleVerifier [0x0x6884aa+220666]
	GetHandleVerifier [0x0x6788d8+156200]
	GetHandleVerifier [0x0x67f06d+182717]
	(No symbol) [0x0x473710]
	(No symbol) [0x0x472f1d]
	GetHandleVerifier [0x0xa0a65c+3899308]
	BaseThreadInitThunk [0x0x75b47ba9+25]
	RtlInitializeExceptionChain [0x0x76efc0cb+107]
	RtlClearBits [0x0x76efc04f+191]

2025-07-19 16:51:52,588 INFO root Processando propriedade 4/10
2025-07-19 16:51:52,588 INFO root Extraindo dados de: https://www.zapimoveis.com.br/imovel/venda-apartamento-2-quartos-lins-de-vasconcelos-rio-de-janeiro-50m2-id-2639703306/?source=ranking%2Crp
2025-07-19 16:51:54,430 ERROR root Erro ao extrair dados de https://www.zapimoveis.com.br/imovel/venda-apartamento-3-quartos-com-interfone-ipanema-zona-sul-rio-de-janeiro-rj-170m2-id-2754649052/?source=showcase%2Crp: Message: invalid session id; For documentation on this error, please visit: https://www.selenium.dev/documentation/webdriver/troubleshooting/errors#invalidsessionidexception
Stacktrace:
	GetHandleVerifier [0x0x661a33+62339]
	GetHandleVerifier [0x0x661a74+62404]
	(No symbol) [0x0x4a1f80]
	(No symbol) [0x0x4dda98]
	(No symbol) [0x0x50f276]
	(No symbol) [0x0x50ae75]
	(No symbol) [0x0x50a3f6]
	(No symbol) [0x0x473a45]
	(No symbol) [0x0x473f9e]
	(No symbol) [0x0x47442d]
	GetHandleVerifier [0x0x8d65c3+2637587]
	GetHandleVerifier [0x0x8d19ca+2618138]
	GetHandleVerifier [0x0x6884aa+220666]
	GetHandleVerifier [0x0x6788d8+156200]
	GetHandleVerifier [0x0x67f06d+182717]
	(No symbol) [0x0x473710]
	(No symbol) [0x0x472f1d]
	GetHandleVerifier [0x0xa0a65c+3899308]
	BaseThreadInitThunk [0x0x75b47ba9+25]
	RtlInitializeExceptionChain [0x0x76efc0cb+107]
	RtlClearBits [0x0x76efc04f+191]

2025-07-19 16:51:56,069 INFO root Processando propriedade 4/10
2025-07-19 16:51:56,069 INFO root Extraindo dados de: https://www.zapimoveis.com.br/imovel/venda-apartamento-2-quartos-lins-de-vasconcelos-rio-de-janeiro-50m2-id-2639703306/?source=showcase%2Crp
2025-07-19 16:51:56,281 INFO root Processando propriedade 4/10
2025-07-19 16:51:56,281 INFO root Extraindo dados de: https://www.zapimoveis.com.br/imovel/venda-apartamento-2-quartos-lins-de-vasconcelos-rio-de-janeiro-50m2-id-2639703306/?source=showcase%2Crp
2025-07-19 16:51:56,649 ERROR root Erro ao extrair dados de https://www.zapimoveis.com.br/imovel/venda-apartamento-2-quartos-lins-de-vasconcelos-rio-de-janeiro-50m2-id-2639703306/?source=ranking%2Crp: Message: invalid session id; For documentation on this error, please visit: https://www.selenium.dev/documentation/webdriver/troubleshooting/errors#invalidsessionidexception
Stacktrace:
	GetHandleVerifier [0x0x661a33+62339]
	GetHandleVerifier [0x0x661a74+62404]
	(No symbol) [0x0x4a1f80]
	(No symbol) [0x0x4dda98]
	(No symbol) [0x0x50f276]
	(No symbol) [0x0x50ae75]
	(No symbol) [0x0x50a3f6]
	(No symbol) [0x0x473a45]
	(No symbol) [0x0x473f9e]
	(No symbol) [0x0x47442d]
	GetHandleVerifier [0x0x8d65c3+2637587]
	GetHandleVerifier [0x0x8d19ca+2618138]
	GetHandleVerifier [0x0x6884aa+220666]
	GetHandleVerifier [0x0x6788d8+156200]
	GetHandleVerifier [0x0x67f06d+182717]
	(No symbol) [0x0x473710]
	(No symbol) [0x0x472f1d]
	GetHandleVerifier [0x0xa0a65c+3899308]
	BaseThreadInitThunk [0x0x75b47ba9+25]
	RtlInitializeExceptionChain [0x0x76efc0cb+107]
	RtlClearBits [0x0x76efc04f+191]

2025-07-19 16:51:58,889 INFO root Processando propriedade 4/10
2025-07-19 16:51:58,890 INFO root Extraindo dados de: https://www.zapimoveis.com.br/imovel/venda-apartamento-2-quartos-lins-de-vasconcelos-rio-de-janeiro-50m2-id-2639703306/?source=showcase%2Crp
2025-07-19 16:51:59,531 ERROR root Erro ao extrair dados de https://www.zapimoveis.com.br/imovel/venda-apartamento-2-quartos-lins-de-vasconcelos-rio-de-janeiro-50m2-id-2639703306/?source=showcase%2Crp: Message: invalid session id; For documentation on this error, please visit: https://www.selenium.dev/documentation/webdriver/troubleshooting/errors#invalidsessionidexception
Stacktrace:
	GetHandleVerifier [0x0x661a33+62339]
	GetHandleVerifier [0x0x661a74+62404]
	(No symbol) [0x0x4a1f80]
	(No symbol) [0x0x4dda98]
	(No symbol) [0x0x50f276]
	(No symbol) [0x0x50ae75]
	(No symbol) [0x0x50a3f6]
	(No symbol) [0x0x473a45]
	(No symbol) [0x0x473f9e]
	(No symbol) [0x0x47442d]
	GetHandleVerifier [0x0x8d65c3+2637587]
	GetHandleVerifier [0x0x8d19ca+2618138]
	GetHandleVerifier [0x0x6884aa+220666]
	GetHandleVerifier [0x0x6788d8+156200]
	GetHandleVerifier [0x0x67f06d+182717]
	(No symbol) [0x0x473710]
	(No symbol) [0x0x472f1d]
	GetHandleVerifier [0x0xa0a65c+3899308]
	BaseThreadInitThunk [0x0x75b47ba9+25]
	RtlInitializeExceptionChain [0x0x76efc0cb+107]
	RtlClearBits [0x0x76efc04f+191]

2025-07-19 16:52:00,884 ERROR root Erro ao extrair dados de https://www.zapimoveis.com.br/imovel/venda-apartamento-2-quartos-lins-de-vasconcelos-rio-de-janeiro-50m2-id-2639703306/?source=showcase%2Crp: Message: invalid session id; For documentation on this error, please visit: https://www.selenium.dev/documentation/webdriver/troubleshooting/errors#invalidsessionidexception
Stacktrace:
	GetHandleVerifier [0x0x661a33+62339]
	GetHandleVerifier [0x0x661a74+62404]
	(No symbol) [0x0x4a1f80]
	(No symbol) [0x0x4dda98]
	(No symbol) [0x0x50f276]
	(No symbol) [0x0x50ae75]
	(No symbol) [0x0x50a3f6]
	(No symbol) [0x0x473a45]
	(No symbol) [0x0x473f9e]
	(No symbol) [0x0x47442d]
	GetHandleVerifier [0x0x8d65c3+2637587]
	GetHandleVerifier [0x0x8d19ca+2618138]
	GetHandleVerifier [0x0x6884aa+220666]
	GetHandleVerifier [0x0x6788d8+156200]
	GetHandleVerifier [0x0x67f06d+182717]
	(No symbol) [0x0x473710]
	(No symbol) [0x0x472f1d]
	GetHandleVerifier [0x0xa0a65c+3899308]
	BaseThreadInitThunk [0x0x75b47ba9+25]
	RtlInitializeExceptionChain [0x0x76efc0cb+107]
	RtlClearBits [0x0x76efc04f+191]

2025-07-19 16:52:01,448 INFO root Processando propriedade 5/10
2025-07-19 16:52:01,449 INFO root Extraindo dados de: https://www.zapimoveis.com.br/imovel/venda-apartamento-1-quarto-com-cozinha-laranjeiras-rio-de-janeiro-48m2-id-2822469186/?source=ranking%2Crp
2025-07-19 16:52:01,897 ERROR root Erro ao extrair dados de https://www.zapimoveis.com.br/imovel/venda-apartamento-2-quartos-lins-de-vasconcelos-rio-de-janeiro-50m2-id-2639703306/?source=showcase%2Crp: Message: invalid session id; For documentation on this error, please visit: https://www.selenium.dev/documentation/webdriver/troubleshooting/errors#invalidsessionidexception
Stacktrace:
	GetHandleVerifier [0x0x661a33+62339]
	GetHandleVerifier [0x0x661a74+62404]
	(No symbol) [0x0x4a1f80]
	(No symbol) [0x0x4dda98]
	(No symbol) [0x0x50f276]
	(No symbol) [0x0x50ae75]
	(No symbol) [0x0x50a3f6]
	(No symbol) [0x0x473a45]
	(No symbol) [0x0x473f9e]
	(No symbol) [0x0x47442d]
	GetHandleVerifier [0x0x8d65c3+2637587]
	GetHandleVerifier [0x0x8d19ca+2618138]
	GetHandleVerifier [0x0x6884aa+220666]
	GetHandleVerifier [0x0x6788d8+156200]
	GetHandleVerifier [0x0x67f06d+182717]
	(No symbol) [0x0x473710]
	(No symbol) [0x0x472f1d]
	GetHandleVerifier [0x0xa0a65c+3899308]
	BaseThreadInitThunk [0x0x75b47ba9+25]
	RtlInitializeExceptionChain [0x0x76efc0cb+107]
	RtlClearBits [0x0x76efc04f+191]

2025-07-19 16:52:04,799 INFO root Processando propriedade 5/10
2025-07-19 16:52:04,799 INFO root Extraindo dados de: https://www.zapimoveis.com.br/imovel/venda-apartamento-1-quarto-com-cozinha-laranjeiras-rio-de-janeiro-48m2-id-2822469186/?source=showcase%2Crp
2025-07-19 16:52:05,204 ERROR root Erro ao extrair dados de https://www.zapimoveis.com.br/imovel/venda-apartamento-1-quarto-com-cozinha-laranjeiras-rio-de-janeiro-48m2-id-2822469186/?source=ranking%2Crp: Message: invalid session id; For documentation on this error, please visit: https://www.selenium.dev/documentation/webdriver/troubleshooting/errors#invalidsessionidexception
Stacktrace:
	GetHandleVerifier [0x0x661a33+62339]
	GetHandleVerifier [0x0x661a74+62404]
	(No symbol) [0x0x4a1f80]
	(No symbol) [0x0x4dda98]
	(No symbol) [0x0x50f276]
	(No symbol) [0x0x50ae75]
	(No symbol) [0x0x50a3f6]
	(No symbol) [0x0x473a45]
	(No symbol) [0x0x473f9e]
	(No symbol) [0x0x47442d]
	GetHandleVerifier [0x0x8d65c3+2637587]
	GetHandleVerifier [0x0x8d19ca+2618138]
	GetHandleVerifier [0x0x6884aa+220666]
	GetHandleVerifier [0x0x6788d8+156200]
	GetHandleVerifier [0x0x67f06d+182717]
	(No symbol) [0x0x473710]
	(No symbol) [0x0x472f1d]
	GetHandleVerifier [0x0xa0a65c+3899308]
	BaseThreadInitThunk [0x0x75b47ba9+25]
	RtlInitializeExceptionChain [0x0x76efc0cb+107]
	RtlClearBits [0x0x76efc04f+191]

2025-07-19 16:52:05,871 INFO root Processando propriedade 5/10
2025-07-19 16:52:05,872 INFO root Extraindo dados de: https://www.zapimoveis.com.br/imovel/venda-apartamento-1-quarto-com-cozinha-laranjeiras-rio-de-janeiro-48m2-id-2822469186/?source=showcase%2Crp
2025-07-19 16:52:07,734 INFO root Processando propriedade 5/10
2025-07-19 16:52:07,734 INFO root Extraindo dados de: https://www.zapimoveis.com.br/imovel/venda-apartamento-1-quarto-com-cozinha-laranjeiras-rio-de-janeiro-48m2-id-2822469186/?source=showcase%2Crp
2025-07-19 16:52:09,305 INFO root Processando propriedade 6/10
2025-07-19 16:52:09,306 INFO root Extraindo dados de: https://www.zapimoveis.com.br/imovel/venda-apartamento-2-quartos-com-churrasqueira-pechincha-rio-de-janeiro-67m2-id-2659502066/?source=ranking%2Crp
2025-07-19 16:52:09,342 ERROR root Erro ao extrair dados de https://www.zapimoveis.com.br/imovel/venda-apartamento-1-quarto-com-cozinha-laranjeiras-rio-de-janeiro-48m2-id-2822469186/?source=showcase%2Crp: Message: invalid session id; For documentation on this error, please visit: https://www.selenium.dev/documentation/webdriver/troubleshooting/errors#invalidsessionidexception
Stacktrace:
	GetHandleVerifier [0x0x661a33+62339]
	GetHandleVerifier [0x0x661a74+62404]
	(No symbol) [0x0x4a1f80]
	(No symbol) [0x0x4dda98]
	(No symbol) [0x0x50f276]
	(No symbol) [0x0x50ae75]
	(No symbol) [0x0x50a3f6]
	(No symbol) [0x0x473a45]
	(No symbol) [0x0x473f9e]
	(No symbol) [0x0x47442d]
	GetHandleVerifier [0x0x8d65c3+2637587]
	GetHandleVerifier [0x0x8d19ca+2618138]
	GetHandleVerifier [0x0x6884aa+220666]
	GetHandleVerifier [0x0x6788d8+156200]
	GetHandleVerifier [0x0x67f06d+182717]
	(No symbol) [0x0x473710]
	(No symbol) [0x0x472f1d]
	GetHandleVerifier [0x0xa0a65c+3899308]
	BaseThreadInitThunk [0x0x75b47ba9+25]
	RtlInitializeExceptionChain [0x0x76efc0cb+107]
	RtlClearBits [0x0x76efc04f+191]

2025-07-19 16:52:09,643 ERROR root Erro ao extrair dados de https://www.zapimoveis.com.br/imovel/venda-apartamento-1-quarto-com-cozinha-laranjeiras-rio-de-janeiro-48m2-id-2822469186/?source=showcase%2Crp: Message: invalid session id; For documentation on this error, please visit: https://www.selenium.dev/documentation/webdriver/troubleshooting/errors#invalidsessionidexception
Stacktrace:
	GetHandleVerifier [0x0x661a33+62339]
	GetHandleVerifier [0x0x661a74+62404]
	(No symbol) [0x0x4a1f80]
	(No symbol) [0x0x4dda98]
	(No symbol) [0x0x50f276]
	(No symbol) [0x0x50ae75]
	(No symbol) [0x0x50a3f6]
	(No symbol) [0x0x473a45]
	(No symbol) [0x0x473f9e]
	(No symbol) [0x0x47442d]
	GetHandleVerifier [0x0x8d65c3+2637587]
	GetHandleVerifier [0x0x8d19ca+2618138]
	GetHandleVerifier [0x0x6884aa+220666]
	GetHandleVerifier [0x0x6788d8+156200]
	GetHandleVerifier [0x0x67f06d+182717]
	(No symbol) [0x0x473710]
	(No symbol) [0x0x472f1d]
	GetHandleVerifier [0x0xa0a65c+3899308]
	BaseThreadInitThunk [0x0x75b47ba9+25]
	RtlInitializeExceptionChain [0x0x76efc0cb+107]
	RtlClearBits [0x0x76efc04f+191]

2025-07-19 16:52:11,471 ERROR root Erro ao extrair dados de https://www.zapimoveis.com.br/imovel/venda-apartamento-1-quarto-com-cozinha-laranjeiras-rio-de-janeiro-48m2-id-2822469186/?source=showcase%2Crp: Message: invalid session id; For documentation on this error, please visit: https://www.selenium.dev/documentation/webdriver/troubleshooting/errors#invalidsessionidexception
Stacktrace:
	GetHandleVerifier [0x0x661a33+62339]
	GetHandleVerifier [0x0x661a74+62404]
	(No symbol) [0x0x4a1f80]
	(No symbol) [0x0x4dda98]
	(No symbol) [0x0x50f276]
	(No symbol) [0x0x50ae75]
	(No symbol) [0x0x50a3f6]
	(No symbol) [0x0x473a45]
	(No symbol) [0x0x473f9e]
	(No symbol) [0x0x47442d]
	GetHandleVerifier [0x0x8d65c3+2637587]
	GetHandleVerifier [0x0x8d19ca+2618138]
	GetHandleVerifier [0x0x6884aa+220666]
	GetHandleVerifier [0x0x6788d8+156200]
	GetHandleVerifier [0x0x67f06d+182717]
	(No symbol) [0x0x473710]
	(No symbol) [0x0x472f1d]
	GetHandleVerifier [0x0xa0a65c+3899308]
	BaseThreadInitThunk [0x0x75b47ba9+25]
	RtlInitializeExceptionChain [0x0x76efc0cb+107]
	RtlClearBits [0x0x76efc04f+191]

2025-07-19 16:52:12,737 ERROR root Erro ao extrair dados de https://www.zapimoveis.com.br/imovel/venda-apartamento-2-quartos-com-churrasqueira-pechincha-rio-de-janeiro-67m2-id-2659502066/?source=ranking%2Crp: Message: invalid session id; For documentation on this error, please visit: https://www.selenium.dev/documentation/webdriver/troubleshooting/errors#invalidsessionidexception
Stacktrace:
	GetHandleVerifier [0x0x661a33+62339]
	GetHandleVerifier [0x0x661a74+62404]
	(No symbol) [0x0x4a1f80]
	(No symbol) [0x0x4dda98]
	(No symbol) [0x0x50f276]
	(No symbol) [0x0x50ae75]
	(No symbol) [0x0x50a3f6]
	(No symbol) [0x0x473a45]
	(No symbol) [0x0x473f9e]
	(No symbol) [0x0x47442d]
	GetHandleVerifier [0x0x8d65c3+2637587]
	GetHandleVerifier [0x0x8d19ca+2618138]
	GetHandleVerifier [0x0x6884aa+220666]
	GetHandleVerifier [0x0x6788d8+156200]
	GetHandleVerifier [0x0x67f06d+182717]
	(No symbol) [0x0x473710]
	(No symbol) [0x0x472f1d]
	GetHandleVerifier [0x0xa0a65c+3899308]
	BaseThreadInitThunk [0x0x75b47ba9+25]
	RtlInitializeExceptionChain [0x0x76efc0cb+107]
	RtlClearBits [0x0x76efc04f+191]

2025-07-19 16:52:14,855 INFO root Processando propriedade 6/10
2025-07-19 16:52:14,856 INFO root Extraindo dados de: https://www.zapimoveis.com.br/imovel/venda-apartamento-2-quartos-com-churrasqueira-pechincha-rio-de-janeiro-67m2-id-2659502066/?source=showcase%2Crp
2025-07-19 16:52:14,896 INFO root Processando propriedade 6/10
2025-07-19 16:52:14,897 INFO root Extraindo dados de: https://www.zapimoveis.com.br/imovel/venda-apartamento-2-quartos-com-churrasqueira-pechincha-rio-de-janeiro-67m2-id-2659502066/?source=showcase%2Crp
2025-07-19 16:52:16,535 INFO root Processando propriedade 6/10
2025-07-19 16:52:16,536 INFO root Extraindo dados de: https://www.zapimoveis.com.br/imovel/venda-apartamento-2-quartos-com-churrasqueira-pechincha-rio-de-janeiro-67m2-id-2659502066/?source=showcase%2Crp
2025-07-19 16:52:16,913 INFO root Processando propriedade 7/10
2025-07-19 16:52:16,913 INFO root Extraindo dados de: https://www.zapimoveis.com.br/imovel/venda-apartamento-3-quartos-laranjeiras-rio-de-janeiro-105m2-id-2822471942/?source=ranking%2Crp
2025-07-19 16:52:18,254 ERROR root Erro ao extrair dados de https://www.zapimoveis.com.br/imovel/venda-apartamento-2-quartos-com-churrasqueira-pechincha-rio-de-janeiro-67m2-id-2659502066/?source=showcase%2Crp: Message: invalid session id; For documentation on this error, please visit: https://www.selenium.dev/documentation/webdriver/troubleshooting/errors#invalidsessionidexception
Stacktrace:
	GetHandleVerifier [0x0x661a33+62339]
	GetHandleVerifier [0x0x661a74+62404]
	(No symbol) [0x0x4a1f80]
	(No symbol) [0x0x4dda98]
	(No symbol) [0x0x50f276]
	(No symbol) [0x0x50ae75]
	(No symbol) [0x0x50a3f6]
	(No symbol) [0x0x473a45]
	(No symbol) [0x0x473f9e]
	(No symbol) [0x0x47442d]
	GetHandleVerifier [0x0x8d65c3+2637587]
	GetHandleVerifier [0x0x8d19ca+2618138]
	GetHandleVerifier [0x0x6884aa+220666]
	GetHandleVerifier [0x0x6788d8+156200]
	GetHandleVerifier [0x0x67f06d+182717]
	(No symbol) [0x0x473710]
	(No symbol) [0x0x472f1d]
	GetHandleVerifier [0x0xa0a65c+3899308]
	BaseThreadInitThunk [0x0x75b47ba9+25]
	RtlInitializeExceptionChain [0x0x76efc0cb+107]
	RtlClearBits [0x0x76efc04f+191]

2025-07-19 16:52:18,639 ERROR root Erro ao extrair dados de https://www.zapimoveis.com.br/imovel/venda-apartamento-2-quartos-com-churrasqueira-pechincha-rio-de-janeiro-67m2-id-2659502066/?source=showcase%2Crp: Message: invalid session id; For documentation on this error, please visit: https://www.selenium.dev/documentation/webdriver/troubleshooting/errors#invalidsessionidexception
Stacktrace:
	GetHandleVerifier [0x0x661a33+62339]
	GetHandleVerifier [0x0x661a74+62404]
	(No symbol) [0x0x4a1f80]
	(No symbol) [0x0x4dda98]
	(No symbol) [0x0x50f276]
	(No symbol) [0x0x50ae75]
	(No symbol) [0x0x50a3f6]
	(No symbol) [0x0x473a45]
	(No symbol) [0x0x473f9e]
	(No symbol) [0x0x47442d]
	GetHandleVerifier [0x0x8d65c3+2637587]
	GetHandleVerifier [0x0x8d19ca+2618138]
	GetHandleVerifier [0x0x6884aa+220666]
	GetHandleVerifier [0x0x6788d8+156200]
	GetHandleVerifier [0x0x67f06d+182717]
	(No symbol) [0x0x473710]
	(No symbol) [0x0x472f1d]
	GetHandleVerifier [0x0xa0a65c+3899308]
	BaseThreadInitThunk [0x0x75b47ba9+25]
	RtlInitializeExceptionChain [0x0x76efc0cb+107]
	RtlClearBits [0x0x76efc04f+191]

2025-07-19 16:52:20,443 ERROR root Erro ao extrair dados de https://www.zapimoveis.com.br/imovel/venda-apartamento-2-quartos-com-churrasqueira-pechincha-rio-de-janeiro-67m2-id-2659502066/?source=showcase%2Crp: Message: invalid session id; For documentation on this error, please visit: https://www.selenium.dev/documentation/webdriver/troubleshooting/errors#invalidsessionidexception
Stacktrace:
	GetHandleVerifier [0x0x661a33+62339]
	GetHandleVerifier [0x0x661a74+62404]
	(No symbol) [0x0x4a1f80]
	(No symbol) [0x0x4dda98]
	(No symbol) [0x0x50f276]
	(No symbol) [0x0x50ae75]
	(No symbol) [0x0x50a3f6]
	(No symbol) [0x0x473a45]
	(No symbol) [0x0x473f9e]
	(No symbol) [0x0x47442d]
	GetHandleVerifier [0x0x8d65c3+2637587]
	GetHandleVerifier [0x0x8d19ca+2618138]
	GetHandleVerifier [0x0x6884aa+220666]
	GetHandleVerifier [0x0x6788d8+156200]
	GetHandleVerifier [0x0x67f06d+182717]
	(No symbol) [0x0x473710]
	(No symbol) [0x0x472f1d]
	GetHandleVerifier [0x0xa0a65c+3899308]
	BaseThreadInitThunk [0x0x75b47ba9+25]
	RtlInitializeExceptionChain [0x0x76efc0cb+107]
	RtlClearBits [0x0x76efc04f+191]

2025-07-19 16:52:21,307 INFO root Processando propriedade 7/10
2025-07-19 16:52:21,308 INFO root Extraindo dados de: https://www.zapimoveis.com.br/imovel/venda-apartamento-2-quartos-tijuca-rio-de-janeiro-85m2-id-2821720339/?source=showcase%2Crp
2025-07-19 16:52:21,662 ERROR root Erro ao extrair dados de https://www.zapimoveis.com.br/imovel/venda-apartamento-3-quartos-laranjeiras-rio-de-janeiro-105m2-id-2822471942/?source=ranking%2Crp: Message: invalid session id; For documentation on this error, please visit: https://www.selenium.dev/documentation/webdriver/troubleshooting/errors#invalidsessionidexception
Stacktrace:
	GetHandleVerifier [0x0x661a33+62339]
	GetHandleVerifier [0x0x661a74+62404]
	(No symbol) [0x0x4a1f80]
	(No symbol) [0x0x4dda98]
	(No symbol) [0x0x50f276]
	(No symbol) [0x0x50ae75]
	(No symbol) [0x0x50a3f6]
	(No symbol) [0x0x473a45]
	(No symbol) [0x0x473f9e]
	(No symbol) [0x0x47442d]
	GetHandleVerifier [0x0x8d65c3+2637587]
	GetHandleVerifier [0x0x8d19ca+2618138]
	GetHandleVerifier [0x0x6884aa+220666]
	GetHandleVerifier [0x0x6788d8+156200]
	GetHandleVerifier [0x0x67f06d+182717]
	(No symbol) [0x0x473710]
	(No symbol) [0x0x472f1d]
	GetHandleVerifier [0x0xa0a65c+3899308]
	BaseThreadInitThunk [0x0x75b47ba9+25]
	RtlInitializeExceptionChain [0x0x76efc0cb+107]
	RtlClearBits [0x0x76efc04f+191]

2025-07-19 16:52:21,832 INFO root Processando propriedade 7/10
2025-07-19 16:52:21,832 INFO root Extraindo dados de: https://www.zapimoveis.com.br/imovel/venda-apartamento-2-quartos-tijuca-rio-de-janeiro-85m2-id-2821720339/?source=showcase%2Crp
2025-07-19 16:52:24,032 INFO root Processando propriedade 7/10
2025-07-19 16:52:24,033 INFO root Extraindo dados de: https://www.zapimoveis.com.br/imovel/venda-apartamento-2-quartos-tijuca-rio-de-janeiro-85m2-id-2821720339/?source=showcase%2Crp
2025-07-19 16:52:25,217 ERROR root Erro ao extrair dados de https://www.zapimoveis.com.br/imovel/venda-apartamento-2-quartos-tijuca-rio-de-janeiro-85m2-id-2821720339/?source=showcase%2Crp: Message: invalid session id; For documentation on this error, please visit: https://www.selenium.dev/documentation/webdriver/troubleshooting/errors#invalidsessionidexception
Stacktrace:
	GetHandleVerifier [0x0x661a33+62339]
	GetHandleVerifier [0x0x661a74+62404]
	(No symbol) [0x0x4a1f80]
	(No symbol) [0x0x4dda98]
	(No symbol) [0x0x50f276]
	(No symbol) [0x0x50ae75]
	(No symbol) [0x0x50a3f6]
	(No symbol) [0x0x473a45]
	(No symbol) [0x0x473f9e]
	(No symbol) [0x0x47442d]
	GetHandleVerifier [0x0x8d65c3+2637587]
	GetHandleVerifier [0x0x8d19ca+2618138]
	GetHandleVerifier [0x0x6884aa+220666]
	GetHandleVerifier [0x0x6788d8+156200]
	GetHandleVerifier [0x0x67f06d+182717]
	(No symbol) [0x0x473710]
	(No symbol) [0x0x472f1d]
	GetHandleVerifier [0x0xa0a65c+3899308]
	BaseThreadInitThunk [0x0x75b47ba9+25]
	RtlInitializeExceptionChain [0x0x76efc0cb+107]
	RtlClearBits [0x0x76efc04f+191]

2025-07-19 16:52:25,594 INFO root Processando propriedade 8/10
2025-07-19 16:52:25,594 INFO root Extraindo dados de: https://www.zapimoveis.com.br/imovel/venda-apartamento-2-quartos-com-cozinha-taquara-rio-de-janeiro-67m2-id-2820622628/?source=ranking%2Crp
2025-07-19 16:52:26,753 ERROR root Erro ao extrair dados de https://www.zapimoveis.com.br/imovel/venda-apartamento-2-quartos-tijuca-rio-de-janeiro-85m2-id-2821720339/?source=showcase%2Crp: Message: invalid session id; For documentation on this error, please visit: https://www.selenium.dev/documentation/webdriver/troubleshooting/errors#invalidsessionidexception
Stacktrace:
	GetHandleVerifier [0x0x661a33+62339]
	GetHandleVerifier [0x0x661a74+62404]
	(No symbol) [0x0x4a1f80]
	(No symbol) [0x0x4dda98]
	(No symbol) [0x0x50f276]
	(No symbol) [0x0x50ae75]
	(No symbol) [0x0x50a3f6]
	(No symbol) [0x0x473a45]
	(No symbol) [0x0x473f9e]
	(No symbol) [0x0x47442d]
	GetHandleVerifier [0x0x8d65c3+2637587]
	GetHandleVerifier [0x0x8d19ca+2618138]
	GetHandleVerifier [0x0x6884aa+220666]
	GetHandleVerifier [0x0x6788d8+156200]
	GetHandleVerifier [0x0x67f06d+182717]
	(No symbol) [0x0x473710]
	(No symbol) [0x0x472f1d]
	GetHandleVerifier [0x0xa0a65c+3899308]
	BaseThreadInitThunk [0x0x75b47ba9+25]
	RtlInitializeExceptionChain [0x0x76efc0cb+107]
	RtlClearBits [0x0x76efc04f+191]

2025-07-19 16:52:27,361 ERROR root Erro ao extrair dados de https://www.zapimoveis.com.br/imovel/venda-apartamento-2-quartos-tijuca-rio-de-janeiro-85m2-id-2821720339/?source=showcase%2Crp: Message: invalid session id; For documentation on this error, please visit: https://www.selenium.dev/documentation/webdriver/troubleshooting/errors#invalidsessionidexception
Stacktrace:
	GetHandleVerifier [0x0x661a33+62339]
	GetHandleVerifier [0x0x661a74+62404]
	(No symbol) [0x0x4a1f80]
	(No symbol) [0x0x4dda98]
	(No symbol) [0x0x50f276]
	(No symbol) [0x0x50ae75]
	(No symbol) [0x0x50a3f6]
	(No symbol) [0x0x473a45]
	(No symbol) [0x0x473f9e]
	(No symbol) [0x0x47442d]
	GetHandleVerifier [0x0x8d65c3+2637587]
	GetHandleVerifier [0x0x8d19ca+2618138]
	GetHandleVerifier [0x0x6884aa+220666]
	GetHandleVerifier [0x0x6788d8+156200]
	GetHandleVerifier [0x0x67f06d+182717]
	(No symbol) [0x0x473710]
	(No symbol) [0x0x472f1d]
	GetHandleVerifier [0x0xa0a65c+3899308]
	BaseThreadInitThunk [0x0x75b47ba9+25]
	RtlInitializeExceptionChain [0x0x76efc0cb+107]
	RtlClearBits [0x0x76efc04f+191]

2025-07-19 16:52:30,507 ERROR root Erro ao extrair dados de https://www.zapimoveis.com.br/imovel/venda-apartamento-2-quartos-com-cozinha-taquara-rio-de-janeiro-67m2-id-2820622628/?source=ranking%2Crp: Message: invalid session id; For documentation on this error, please visit: https://www.selenium.dev/documentation/webdriver/troubleshooting/errors#invalidsessionidexception
Stacktrace:
	GetHandleVerifier [0x0x661a33+62339]
	GetHandleVerifier [0x0x661a74+62404]
	(No symbol) [0x0x4a1f80]
	(No symbol) [0x0x4dda98]
	(No symbol) [0x0x50f276]
	(No symbol) [0x0x50ae75]
	(No symbol) [0x0x50a3f6]
	(No symbol) [0x0x473a45]
	(No symbol) [0x0x473f9e]
	(No symbol) [0x0x47442d]
	GetHandleVerifier [0x0x8d65c3+2637587]
	GetHandleVerifier [0x0x8d19ca+2618138]
	GetHandleVerifier [0x0x6884aa+220666]
	GetHandleVerifier [0x0x6788d8+156200]
	GetHandleVerifier [0x0x67f06d+182717]
	(No symbol) [0x0x473710]
	(No symbol) [0x0x472f1d]
	GetHandleVerifier [0x0xa0a65c+3899308]
	BaseThreadInitThunk [0x0x75b47ba9+25]
	RtlInitializeExceptionChain [0x0x76efc0cb+107]
	RtlClearBits [0x0x76efc04f+191]

2025-07-19 16:52:30,565 INFO root Processando propriedade 8/10
2025-07-19 16:52:30,566 INFO root Extraindo dados de: https://www.zapimoveis.com.br/imovel/venda-apartamento-3-quartos-mobiliado-laranjeiras-rio-de-janeiro-95m2-id-2822470539/?source=showcase%2Crp
2025-07-19 16:52:30,805 INFO root Processando propriedade 8/10
2025-07-19 16:52:30,805 INFO root Extraindo dados de: https://www.zapimoveis.com.br/imovel/venda-apartamento-3-quartos-mobiliado-laranjeiras-rio-de-janeiro-95m2-id-2822470539/?source=showcase%2Crp
2025-07-19 16:52:31,090 INFO root Processando propriedade 8/10
2025-07-19 16:52:31,090 INFO root Extraindo dados de: https://www.zapimoveis.com.br/imovel/venda-apartamento-3-quartos-mobiliado-laranjeiras-rio-de-janeiro-95m2-id-2822470539/?source=showcase%2Crp
2025-07-19 16:52:34,413 ERROR root Erro ao extrair dados de https://www.zapimoveis.com.br/imovel/venda-apartamento-3-quartos-mobiliado-laranjeiras-rio-de-janeiro-95m2-id-2822470539/?source=showcase%2Crp: Message: invalid session id; For documentation on this error, please visit: https://www.selenium.dev/documentation/webdriver/troubleshooting/errors#invalidsessionidexception
Stacktrace:
	GetHandleVerifier [0x0x661a33+62339]
	GetHandleVerifier [0x0x661a74+62404]
	(No symbol) [0x0x4a1f80]
	(No symbol) [0x0x4dda98]
	(No symbol) [0x0x50f276]
	(No symbol) [0x0x50ae75]
	(No symbol) [0x0x50a3f6]
	(No symbol) [0x0x473a45]
	(No symbol) [0x0x473f9e]
	(No symbol) [0x0x47442d]
	GetHandleVerifier [0x0x8d65c3+2637587]
	GetHandleVerifier [0x0x8d19ca+2618138]
	GetHandleVerifier [0x0x6884aa+220666]
	GetHandleVerifier [0x0x6788d8+156200]
	GetHandleVerifier [0x0x67f06d+182717]
	(No symbol) [0x0x473710]
	(No symbol) [0x0x472f1d]
	GetHandleVerifier [0x0xa0a65c+3899308]
	BaseThreadInitThunk [0x0x75b47ba9+25]
	RtlInitializeExceptionChain [0x0x76efc0cb+107]
	RtlClearBits [0x0x76efc04f+191]

2025-07-19 16:52:34,849 ERROR root Erro ao extrair dados de https://www.zapimoveis.com.br/imovel/venda-apartamento-3-quartos-mobiliado-laranjeiras-rio-de-janeiro-95m2-id-2822470539/?source=showcase%2Crp: Message: invalid session id; For documentation on this error, please visit: https://www.selenium.dev/documentation/webdriver/troubleshooting/errors#invalidsessionidexception
Stacktrace:
	GetHandleVerifier [0x0x661a33+62339]
	GetHandleVerifier [0x0x661a74+62404]
	(No symbol) [0x0x4a1f80]
	(No symbol) [0x0x4dda98]
	(No symbol) [0x0x50f276]
	(No symbol) [0x0x50ae75]
	(No symbol) [0x0x50a3f6]
	(No symbol) [0x0x473a45]
	(No symbol) [0x0x473f9e]
	(No symbol) [0x0x47442d]
	GetHandleVerifier [0x0x8d65c3+2637587]
	GetHandleVerifier [0x0x8d19ca+2618138]
	GetHandleVerifier [0x0x6884aa+220666]
	GetHandleVerifier [0x0x6788d8+156200]
	GetHandleVerifier [0x0x67f06d+182717]
	(No symbol) [0x0x473710]
	(No symbol) [0x0x472f1d]
	GetHandleVerifier [0x0xa0a65c+3899308]
	BaseThreadInitThunk [0x0x75b47ba9+25]
	RtlInitializeExceptionChain [0x0x76efc0cb+107]
	RtlClearBits [0x0x76efc04f+191]

2025-07-19 16:52:35,074 ERROR root Erro ao extrair dados de https://www.zapimoveis.com.br/imovel/venda-apartamento-3-quartos-mobiliado-laranjeiras-rio-de-janeiro-95m2-id-2822470539/?source=showcase%2Crp: Message: invalid session id; For documentation on this error, please visit: https://www.selenium.dev/documentation/webdriver/troubleshooting/errors#invalidsessionidexception
Stacktrace:
	GetHandleVerifier [0x0x661a33+62339]
	GetHandleVerifier [0x0x661a74+62404]
	(No symbol) [0x0x4a1f80]
	(No symbol) [0x0x4dda98]
	(No symbol) [0x0x50f276]
	(No symbol) [0x0x50ae75]
	(No symbol) [0x0x50a3f6]
	(No symbol) [0x0x473a45]
	(No symbol) [0x0x473f9e]
	(No symbol) [0x0x47442d]
	GetHandleVerifier [0x0x8d65c3+2637587]
	GetHandleVerifier [0x0x8d19ca+2618138]
	GetHandleVerifier [0x0x6884aa+220666]
	GetHandleVerifier [0x0x6788d8+156200]
	GetHandleVerifier [0x0x67f06d+182717]
	(No symbol) [0x0x473710]
	(No symbol) [0x0x472f1d]
	GetHandleVerifier [0x0xa0a65c+3899308]
	BaseThreadInitThunk [0x0x75b47ba9+25]
	RtlInitializeExceptionChain [0x0x76efc0cb+107]
	RtlClearBits [0x0x76efc04f+191]

2025-07-19 16:52:36,135 INFO root Processando propriedade 9/10
2025-07-19 16:52:36,135 INFO root Extraindo dados de: https://www.zapimoveis.com.br/imovel/venda-apartamento-2-quartos-com-cozinha-catete-rio-de-janeiro-78m2-id-2822469191/?source=ranking%2Crp
2025-07-19 16:52:38,402 INFO root Processando propriedade 9/10
2025-07-19 16:52:38,402 INFO root Extraindo dados de: https://www.zapimoveis.com.br/imovel/venda-apartamento-3-quartos-laranjeiras-rio-de-janeiro-105m2-id-2822471942/?source=showcase%2Crp
2025-07-19 16:52:39,178 INFO root Processando propriedade 9/10
2025-07-19 16:52:39,178 INFO root Extraindo dados de: https://www.zapimoveis.com.br/imovel/venda-apartamento-3-quartos-laranjeiras-rio-de-janeiro-105m2-id-2822471942/?source=showcase%2Crp
2025-07-19 16:52:39,637 INFO root Processando propriedade 9/10
2025-07-19 16:52:39,637 INFO root Extraindo dados de: https://www.zapimoveis.com.br/imovel/venda-apartamento-3-quartos-laranjeiras-rio-de-janeiro-105m2-id-2822471942/?source=showcase%2Crp
2025-07-19 16:52:40,965 ERROR root Erro ao extrair dados de https://www.zapimoveis.com.br/imovel/venda-apartamento-2-quartos-com-cozinha-catete-rio-de-janeiro-78m2-id-2822469191/?source=ranking%2Crp: Message: invalid session id; For documentation on this error, please visit: https://www.selenium.dev/documentation/webdriver/troubleshooting/errors#invalidsessionidexception
Stacktrace:
	GetHandleVerifier [0x0x661a33+62339]
	GetHandleVerifier [0x0x661a74+62404]
	(No symbol) [0x0x4a1f80]
	(No symbol) [0x0x4dda98]
	(No symbol) [0x0x50f276]
	(No symbol) [0x0x50ae75]
	(No symbol) [0x0x50a3f6]
	(No symbol) [0x0x473a45]
	(No symbol) [0x0x473f9e]
	(No symbol) [0x0x47442d]
	GetHandleVerifier [0x0x8d65c3+2637587]
	GetHandleVerifier [0x0x8d19ca+2618138]
	GetHandleVerifier [0x0x6884aa+220666]
	GetHandleVerifier [0x0x6788d8+156200]
	GetHandleVerifier [0x0x67f06d+182717]
	(No symbol) [0x0x473710]
	(No symbol) [0x0x472f1d]
	GetHandleVerifier [0x0xa0a65c+3899308]
	BaseThreadInitThunk [0x0x75b47ba9+25]
	RtlInitializeExceptionChain [0x0x76efc0cb+107]
	RtlClearBits [0x0x76efc04f+191]

2025-07-19 16:52:42,226 ERROR root Erro ao extrair dados de https://www.zapimoveis.com.br/imovel/venda-apartamento-3-quartos-laranjeiras-rio-de-janeiro-105m2-id-2822471942/?source=showcase%2Crp: Message: invalid session id; For documentation on this error, please visit: https://www.selenium.dev/documentation/webdriver/troubleshooting/errors#invalidsessionidexception
Stacktrace:
	GetHandleVerifier [0x0x661a33+62339]
	GetHandleVerifier [0x0x661a74+62404]
	(No symbol) [0x0x4a1f80]
	(No symbol) [0x0x4dda98]
	(No symbol) [0x0x50f276]
	(No symbol) [0x0x50ae75]
	(No symbol) [0x0x50a3f6]
	(No symbol) [0x0x473a45]
	(No symbol) [0x0x473f9e]
	(No symbol) [0x0x47442d]
	GetHandleVerifier [0x0x8d65c3+2637587]
	GetHandleVerifier [0x0x8d19ca+2618138]
	GetHandleVerifier [0x0x6884aa+220666]
	GetHandleVerifier [0x0x6788d8+156200]
	GetHandleVerifier [0x0x67f06d+182717]
	(No symbol) [0x0x473710]
	(No symbol) [0x0x472f1d]
	GetHandleVerifier [0x0xa0a65c+3899308]
	BaseThreadInitThunk [0x0x75b47ba9+25]
	RtlInitializeExceptionChain [0x0x76efc0cb+107]
	RtlClearBits [0x0x76efc04f+191]

2025-07-19 16:52:42,936 ERROR root Erro ao extrair dados de https://www.zapimoveis.com.br/imovel/venda-apartamento-3-quartos-laranjeiras-rio-de-janeiro-105m2-id-2822471942/?source=showcase%2Crp: Message: invalid session id; For documentation on this error, please visit: https://www.selenium.dev/documentation/webdriver/troubleshooting/errors#invalidsessionidexception
Stacktrace:
	GetHandleVerifier [0x0x661a33+62339]
	GetHandleVerifier [0x0x661a74+62404]
	(No symbol) [0x0x4a1f80]
	(No symbol) [0x0x4dda98]
	(No symbol) [0x0x50f276]
	(No symbol) [0x0x50ae75]
	(No symbol) [0x0x50a3f6]
	(No symbol) [0x0x473a45]
	(No symbol) [0x0x473f9e]
	(No symbol) [0x0x47442d]
	GetHandleVerifier [0x0x8d65c3+2637587]
	GetHandleVerifier [0x0x8d19ca+2618138]
	GetHandleVerifier [0x0x6884aa+220666]
	GetHandleVerifier [0x0x6788d8+156200]
	GetHandleVerifier [0x0x67f06d+182717]
	(No symbol) [0x0x473710]
	(No symbol) [0x0x472f1d]
	GetHandleVerifier [0x0xa0a65c+3899308]
	BaseThreadInitThunk [0x0x75b47ba9+25]
	RtlInitializeExceptionChain [0x0x76efc0cb+107]
	RtlClearBits [0x0x76efc04f+191]

2025-07-19 16:52:44,051 ERROR root Erro ao extrair dados de https://www.zapimoveis.com.br/imovel/venda-apartamento-3-quartos-laranjeiras-rio-de-janeiro-105m2-id-2822471942/?source=showcase%2Crp: Message: invalid session id; For documentation on this error, please visit: https://www.selenium.dev/documentation/webdriver/troubleshooting/errors#invalidsessionidexception
Stacktrace:
	GetHandleVerifier [0x0x661a33+62339]
	GetHandleVerifier [0x0x661a74+62404]
	(No symbol) [0x0x4a1f80]
	(No symbol) [0x0x4dda98]
	(No symbol) [0x0x50f276]
	(No symbol) [0x0x50ae75]
	(No symbol) [0x0x50a3f6]
	(No symbol) [0x0x473a45]
	(No symbol) [0x0x473f9e]
	(No symbol) [0x0x47442d]
	GetHandleVerifier [0x0x8d65c3+2637587]
	GetHandleVerifier [0x0x8d19ca+2618138]
	GetHandleVerifier [0x0x6884aa+220666]
	GetHandleVerifier [0x0x6788d8+156200]
	GetHandleVerifier [0x0x67f06d+182717]
	(No symbol) [0x0x473710]
	(No symbol) [0x0x472f1d]
	GetHandleVerifier [0x0xa0a65c+3899308]
	BaseThreadInitThunk [0x0x75b47ba9+25]
	RtlInitializeExceptionChain [0x0x76efc0cb+107]
	RtlClearBits [0x0x76efc04f+191]

2025-07-19 16:52:46,101 INFO root Processando propriedade 10/10
2025-07-19 16:52:46,101 INFO root Extraindo dados de: https://www.zapimoveis.com.br/imovel/venda-apartamento-2-quartos-campo-grande-rio-de-janeiro-50m2-id-2789289218/?source=ranking%2Crp
2025-07-19 16:52:47,714 INFO root Processando propriedade 10/10
2025-07-19 16:52:47,714 INFO root Extraindo dados de: https://www.zapimoveis.com.br/imovel/venda-apartamento-2-quartos-com-cozinha-taquara-rio-de-janeiro-67m2-id-2820622628/?source=showcase%2Crp
2025-07-19 16:52:47,890 INFO root Processando propriedade 10/10
2025-07-19 16:52:47,890 INFO root Extraindo dados de: https://www.zapimoveis.com.br/imovel/venda-apartamento-2-quartos-com-cozinha-taquara-rio-de-janeiro-67m2-id-2820622628/?source=showcase%2Crp
2025-07-19 16:52:48,928 INFO root Processando propriedade 10/10
2025-07-19 16:52:48,928 INFO root Extraindo dados de: https://www.zapimoveis.com.br/imovel/venda-apartamento-2-quartos-com-cozinha-taquara-rio-de-janeiro-67m2-id-2820622628/?source=showcase%2Crp
2025-07-19 16:52:49,168 ERROR root Erro ao extrair dados de https://www.zapimoveis.com.br/imovel/venda-apartamento-2-quartos-campo-grande-rio-de-janeiro-50m2-id-2789289218/?source=ranking%2Crp: Message: invalid session id; For documentation on this error, please visit: https://www.selenium.dev/documentation/webdriver/troubleshooting/errors#invalidsessionidexception
Stacktrace:
	GetHandleVerifier [0x0x661a33+62339]
	GetHandleVerifier [0x0x661a74+62404]
	(No symbol) [0x0x4a1f80]
	(No symbol) [0x0x4dda98]
	(No symbol) [0x0x50f276]
	(No symbol) [0x0x50ae75]
	(No symbol) [0x0x50a3f6]
	(No symbol) [0x0x473a45]
	(No symbol) [0x0x473f9e]
	(No symbol) [0x0x47442d]
	GetHandleVerifier [0x0x8d65c3+2637587]
	GetHandleVerifier [0x0x8d19ca+2618138]
	GetHandleVerifier [0x0x6884aa+220666]
	GetHandleVerifier [0x0x6788d8+156200]
	GetHandleVerifier [0x0x67f06d+182717]
	(No symbol) [0x0x473710]
	(No symbol) [0x0x472f1d]
	GetHandleVerifier [0x0xa0a65c+3899308]
	BaseThreadInitThunk [0x0x75b47ba9+25]
	RtlInitializeExceptionChain [0x0x76efc0cb+107]
	RtlClearBits [0x0x76efc04f+191]

2025-07-19 16:52:50,872 ERROR root Erro ao extrair dados de https://www.zapimoveis.com.br/imovel/venda-apartamento-2-quartos-com-cozinha-taquara-rio-de-janeiro-67m2-id-2820622628/?source=showcase%2Crp: Message: invalid session id; For documentation on this error, please visit: https://www.selenium.dev/documentation/webdriver/troubleshooting/errors#invalidsessionidexception
Stacktrace:
	GetHandleVerifier [0x0x661a33+62339]
	GetHandleVerifier [0x0x661a74+62404]
	(No symbol) [0x0x4a1f80]
	(No symbol) [0x0x4dda98]
	(No symbol) [0x0x50f276]
	(No symbol) [0x0x50ae75]
	(No symbol) [0x0x50a3f6]
	(No symbol) [0x0x473a45]
	(No symbol) [0x0x473f9e]
	(No symbol) [0x0x47442d]
	GetHandleVerifier [0x0x8d65c3+2637587]
	GetHandleVerifier [0x0x8d19ca+2618138]
	GetHandleVerifier [0x0x6884aa+220666]
	GetHandleVerifier [0x0x6788d8+156200]
	GetHandleVerifier [0x0x67f06d+182717]
	(No symbol) [0x0x473710]
	(No symbol) [0x0x472f1d]
	GetHandleVerifier [0x0xa0a65c+3899308]
	BaseThreadInitThunk [0x0x75b47ba9+25]
	RtlInitializeExceptionChain [0x0x76efc0cb+107]
	RtlClearBits [0x0x76efc04f+191]

2025-07-19 16:52:51,167 ERROR root Erro ao extrair dados de https://www.zapimoveis.com.br/imovel/venda-apartamento-2-quartos-com-cozinha-taquara-rio-de-janeiro-67m2-id-2820622628/?source=showcase%2Crp: Message: invalid session id; For documentation on this error, please visit: https://www.selenium.dev/documentation/webdriver/troubleshooting/errors#invalidsessionidexception
Stacktrace:
	GetHandleVerifier [0x0x661a33+62339]
	GetHandleVerifier [0x0x661a74+62404]
	(No symbol) [0x0x4a1f80]
	(No symbol) [0x0x4dda98]
	(No symbol) [0x0x50f276]
	(No symbol) [0x0x50ae75]
	(No symbol) [0x0x50a3f6]
	(No symbol) [0x0x473a45]
	(No symbol) [0x0x473f9e]
	(No symbol) [0x0x47442d]
	GetHandleVerifier [0x0x8d65c3+2637587]
	GetHandleVerifier [0x0x8d19ca+2618138]
	GetHandleVerifier [0x0x6884aa+220666]
	GetHandleVerifier [0x0x6788d8+156200]
	GetHandleVerifier [0x0x67f06d+182717]
	(No symbol) [0x0x473710]
	(No symbol) [0x0x472f1d]
	GetHandleVerifier [0x0xa0a65c+3899308]
	BaseThreadInitThunk [0x0x75b47ba9+25]
	RtlInitializeExceptionChain [0x0x76efc0cb+107]
	RtlClearBits [0x0x76efc04f+191]

2025-07-19 16:52:53,633 ERROR root Erro ao extrair dados de https://www.zapimoveis.com.br/imovel/venda-apartamento-2-quartos-com-cozinha-taquara-rio-de-janeiro-67m2-id-2820622628/?source=showcase%2Crp: Message: invalid session id; For documentation on this error, please visit: https://www.selenium.dev/documentation/webdriver/troubleshooting/errors#invalidsessionidexception
Stacktrace:
	GetHandleVerifier [0x0x661a33+62339]
	GetHandleVerifier [0x0x661a74+62404]
	(No symbol) [0x0x4a1f80]
	(No symbol) [0x0x4dda98]
	(No symbol) [0x0x50f276]
	(No symbol) [0x0x50ae75]
	(No symbol) [0x0x50a3f6]
	(No symbol) [0x0x473a45]
	(No symbol) [0x0x473f9e]
	(No symbol) [0x0x47442d]
	GetHandleVerifier [0x0x8d65c3+2637587]
	GetHandleVerifier [0x0x8d19ca+2618138]
	GetHandleVerifier [0x0x6884aa+220666]
	GetHandleVerifier [0x0x6788d8+156200]
	GetHandleVerifier [0x0x67f06d+182717]
	(No symbol) [0x0x473710]
	(No symbol) [0x0x472f1d]
	GetHandleVerifier [0x0xa0a65c+3899308]
	BaseThreadInitThunk [0x0x75b47ba9+25]
	RtlInitializeExceptionChain [0x0x76efc0cb+107]
	RtlClearBits [0x0x76efc04f+191]

2025-07-19 16:52:54,869 INFO root Scraping ZapImóveis concluído! 1 propriedades extraídas.
2025-07-19 16:52:55,335 INFO root Scraping ZapImóveis concluído! 1 propriedades extraídas.
2025-07-19 16:52:56,002 INFO root Scraping ZapImóveis concluído! 1 propriedades extraídas.
2025-07-19 16:52:56,788 INFO root Scraping ZapImóveis concluído! 0 propriedades extraídas.
2025-07-19 16:52:56,894 INFO root ZapImóveis Scraper fechado.
2025-07-19 16:52:56,894 INFO root ZapImóveis retornou 1 propriedades
2025-07-19 16:52:56,895 INFO werkzeug 127.0.0.1 - - [19/Jul/2025 16:52:56] "GET /api/properties/search?city=rio-de-janeiro&property_type=apartamento&portal=zapimoveis&max_results=20&propertyType=apartamento&maxResults=20 HTTP/1.1" 200 -
2025-07-19 16:52:57,358 INFO root ZapImóveis Scraper fechado.
2025-07-19 16:52:57,358 INFO root ZapImóveis retornou 1 propriedades
2025-07-19 16:52:57,359 INFO werkzeug 127.0.0.1 - - [19/Jul/2025 16:52:57] "GET /api/properties/search?city=rio-de-janeiro&property_type=apartamento&portal=zapimoveis&max_results=20&propertyType=apartamento&maxResults=20 HTTP/1.1" 200 -
2025-07-19 16:52:58,027 INFO root ZapImóveis Scraper fechado.
2025-07-19 16:52:58,027 INFO root ZapImóveis retornou 1 propriedades
2025-07-19 16:52:58,028 INFO werkzeug 127.0.0.1 - - [19/Jul/2025 16:52:58] "GET /api/properties/search?city=rio-de-janeiro&property_type=apartamento&portal=zapimoveis&max_results=20&propertyType=apartamento&maxResults=20 HTTP/1.1" 200 -
2025-07-19 16:52:58,800 INFO root ZapImóveis Scraper fechado.
2025-07-19 16:52:58,801 INFO root ZapImóveis retornou 0 propriedades
2025-07-19 16:52:58,801 INFO werkzeug 127.0.0.1 - - [19/Jul/2025 16:52:58] "GET /api/properties/search?city=rio-de-janeiro&property_type=apartamento&portal=zapimoveis&max_results=20&propertyType=apartamento&maxResults=20 HTTP/1.1" 200 -
2025-07-19 16:55:32,000 INFO root Buscando propriedades: belo-horizonte, apartamento, zapimoveis
2025-07-19 16:55:32,001 INFO WDM ====== WebDriver manager ======
2025-07-19 16:55:34,030 INFO WDM Get LATEST chromedriver version for google-chrome
2025-07-19 16:55:34,508 INFO WDM Get LATEST chromedriver version for google-chrome
2025-07-19 16:55:34,979 INFO WDM Driver [C:\Users\rober\.wdm\drivers\chromedriver\win64\138.0.7204.157\chromedriver-win32/chromedriver.exe] found in cache
2025-07-19 16:55:44,167 INFO root Iniciando scraping ZapImóveis: https://www.zapimoveis.com.br/venda/apartamentos/mg+belo-horizonte/
2025-07-19 16:55:44,167 INFO root Buscando links em: https://www.zapimoveis.com.br/venda/apartamentos/mg+belo-horizonte/
2025-07-19 16:55:50,100 INFO root Processando página 1
2025-07-19 16:55:55,201 INFO root Encontrados 0 links únicos na página 1
2025-07-19 16:55:55,253 WARNING root Não foi possível ir para página 2
2025-07-19 16:55:55,253 INFO root Total de 0 links únicos encontrados
2025-07-19 16:55:55,254 WARNING root Nenhum link de propriedade encontrado
2025-07-19 16:55:58,236 INFO root ZapImóveis Scraper fechado.
2025-07-19 16:55:58,237 INFO root ZapImóveis retornou 0 propriedades
2025-07-19 16:55:58,237 INFO werkzeug 127.0.0.1 - - [19/Jul/2025 16:55:58] "GET /api/properties/search?city=belo-horizonte&property_type=apartamento&portal=zapimoveis&max_results=20&propertyType=apartamento&maxResults=20 HTTP/1.1" 200 -
2025-07-19 16:56:00,028 INFO root Buscando propriedades: belo-horizonte, apartamento, olx
2025-07-19 16:56:00,029 INFO WDM ====== WebDriver manager ======
2025-07-19 16:56:01,274 INFO WDM Get LATEST chromedriver version for google-chrome
2025-07-19 16:56:01,759 INFO WDM Get LATEST chromedriver version for google-chrome
2025-07-19 16:56:02,316 INFO WDM Driver [C:\Users\rober\.wdm\drivers\chromedriver\win64\138.0.7204.157\chromedriver-win32/chromedriver.exe] found in cache
2025-07-19 16:56:03,614 INFO root OLX Scraper inicializado para rio_de_janeiro - apartamentos
2025-07-19 16:56:03,614 INFO root Iniciando scraping OLX: https://mg.olx.com.br/imoveis/venda
2025-07-19 16:56:03,614 INFO root Processando página 1: https://mg.olx.com.br/imoveis/venda
2025-07-19 16:56:20,469 INFO root Encontrados 79 cards de anúncios
2025-07-19 16:56:53,101 INFO root Extraídas 1 propriedades da página 1
2025-07-19 16:56:55,282 INFO root Processando página 2: https://mg.olx.com.br/imoveis/venda?o=2
2025-07-19 16:57:08,486 INFO root Encontrados 79 cards de anúncios
2025-07-19 16:57:22,410 INFO root Buscando propriedades: belo-horizonte, apartamento, olx
2025-07-19 16:57:22,411 INFO werkzeug 127.0.0.1 - - [19/Jul/2025 16:57:22] "GET /api/scrapers/status HTTP/1.1" 200 -
2025-07-19 16:57:22,411 INFO WDM ====== WebDriver manager ======
2025-07-19 16:57:26,298 INFO WDM Get LATEST chromedriver version for google-chrome
2025-07-19 16:57:26,982 INFO WDM Get LATEST chromedriver version for google-chrome
2025-07-19 16:57:27,527 INFO WDM Driver [C:\Users\rober\.wdm\drivers\chromedriver\win64\138.0.7204.157\chromedriver-win32/chromedriver.exe] found in cache
2025-07-19 16:57:30,966 INFO root OLX Scraper inicializado para rio_de_janeiro - apartamentos
2025-07-19 16:57:30,966 INFO root Iniciando scraping OLX: https://mg.olx.com.br/imoveis/venda
2025-07-19 16:57:30,967 INFO root Processando página 1: https://mg.olx.com.br/imoveis/venda
2025-07-19 16:57:43,789 WARNING urllib3.connectionpool Retrying (Retry(total=2, connect=None, read=None, redirect=None, status=None)) after connection broken by 'NewConnectionError('<urllib3.connection.HTTPConnection object at 0x000002AC383428B0>: Failed to establish a new connection: [WinError 10061] Nenhuma conexão pôde ser feita porque a máquina de destino as recusou ativamente')': /session/88ec76d482717f1fc591201d674012b4/element/f.B2ECA97B5F4F63E22A5F1156CCB04235.d.A4B500F3C9922CA45C3A61948B030356.e.800/elements
2025-07-19 16:57:46,957 INFO root Encontrados 80 cards de anúncios
2025-07-19 16:57:47,886 WARNING urllib3.connectionpool Retrying (Retry(total=1, connect=None, read=None, redirect=None, status=None)) after connection broken by 'NewConnectionError('<urllib3.connection.HTTPConnection object at 0x000002AC38342140>: Failed to establish a new connection: [WinError 10061] Nenhuma conexão pôde ser feita porque a máquina de destino as recusou ativamente')': /session/88ec76d482717f1fc591201d674012b4/element/f.B2ECA97B5F4F63E22A5F1156CCB04235.d.A4B500F3C9922CA45C3A61948B030356.e.800/elements
2025-07-19 16:57:51,992 WARNING urllib3.connectionpool Retrying (Retry(total=0, connect=None, read=None, redirect=None, status=None)) after connection broken by 'NewConnectionError('<urllib3.connection.HTTPConnection object at 0x000002AC38342F10>: Failed to establish a new connection: [WinError 10061] Nenhuma conexão pôde ser feita porque a máquina de destino as recusou ativamente')': /session/88ec76d482717f1fc591201d674012b4/element/f.B2ECA97B5F4F63E22A5F1156CCB04235.d.A4B500F3C9922CA45C3A61948B030356.e.800/elements
2025-07-19 16:57:54,379 INFO root Extraídas 0 propriedades da página 1
2025-07-19 16:57:54,379 WARNING root Nenhuma propriedade encontrada na página 1, parando
2025-07-19 16:57:54,379 INFO root Scraping concluído. 0 propriedades extraídas em Rio de Janeiro
2025-07-19 16:57:56,489 INFO root OLX Scraper fechado.
2025-07-19 16:57:56,489 INFO root OLX retornou 0 propriedades
2025-07-19 16:57:56,490 INFO werkzeug 127.0.0.1 - - [19/Jul/2025 16:57:56] "GET /api/properties/search?city=belo-horizonte&property_type=apartamento&portal=olx&max_results=20&propertyType=apartamento&maxResults=20 HTTP/1.1" 200 -
2025-07-19 16:58:00,189 WARNING urllib3.connectionpool Retrying (Retry(total=2, connect=None, read=None, redirect=None, status=None)) after connection broken by 'NewConnectionError('<urllib3.connection.HTTPConnection object at 0x000002AC38550380>: Failed to establish a new connection: [WinError 10061] Nenhuma conexão pôde ser feita porque a máquina de destino as recusou ativamente')': /session/88ec76d482717f1fc591201d674012b4/element/f.B2ECA97B5F4F63E22A5F1156CCB04235.d.A4B500F3C9922CA45C3A61948B030356.e.800/elements
2025-07-19 16:58:04,253 WARNING urllib3.connectionpool Retrying (Retry(total=1, connect=None, read=None, redirect=None, status=None)) after connection broken by 'NewConnectionError('<urllib3.connection.HTTPConnection object at 0x000002AC385508D0>: Failed to establish a new connection: [WinError 10061] Nenhuma conexão pôde ser feita porque a máquina de destino as recusou ativamente')': /session/88ec76d482717f1fc591201d674012b4/element/f.B2ECA97B5F4F63E22A5F1156CCB04235.d.A4B500F3C9922CA45C3A61948B030356.e.800/elements
2025-07-19 16:58:08,326 WARNING urllib3.connectionpool Retrying (Retry(total=0, connect=None, read=None, redirect=None, status=None)) after connection broken by 'NewConnectionError('<urllib3.connection.HTTPConnection object at 0x000002AC385509E0>: Failed to establish a new connection: [WinError 10061] Nenhuma conexão pôde ser feita porque a máquina de destino as recusou ativamente')': /session/88ec76d482717f1fc591201d674012b4/element/f.B2ECA97B5F4F63E22A5F1156CCB04235.d.A4B500F3C9922CA45C3A61948B030356.e.800/elements
2025-07-19 16:58:16,535 WARNING urllib3.connectionpool Retrying (Retry(total=2, connect=None, read=None, redirect=None, status=None)) after connection broken by 'NewConnectionError('<urllib3.connection.HTTPConnection object at 0x000002AC38551150>: Failed to establish a new connection: [WinError 10061] Nenhuma conexão pôde ser feita porque a máquina de destino as recusou ativamente')': /session/88ec76d482717f1fc591201d674012b4/element/f.B2ECA97B5F4F63E22A5F1156CCB04235.d.A4B500F3C9922CA45C3A61948B030356.e.800/text
2025-07-19 16:58:20,655 WARNING urllib3.connectionpool Retrying (Retry(total=1, connect=None, read=None, redirect=None, status=None)) after connection broken by 'NewConnectionError('<urllib3.connection.HTTPConnection object at 0x000002AC38551480>: Failed to establish a new connection: [WinError 10061] Nenhuma conexão pôde ser feita porque a máquina de destino as recusou ativamente')': /session/88ec76d482717f1fc591201d674012b4/element/f.B2ECA97B5F4F63E22A5F1156CCB04235.d.A4B500F3C9922CA45C3A61948B030356.e.800/text
2025-07-19 16:58:24,748 WARNING urllib3.connectionpool Retrying (Retry(total=0, connect=None, read=None, redirect=None, status=None)) after connection broken by 'NewConnectionError('<urllib3.connection.HTTPConnection object at 0x000002AC385517B0>: Failed to establish a new connection: [WinError 10061] Nenhuma conexão pôde ser feita porque a máquina de destino as recusou ativamente')': /session/88ec76d482717f1fc591201d674012b4/element/f.B2ECA97B5F4F63E22A5F1156CCB04235.d.A4B500F3C9922CA45C3A61948B030356.e.800/text
2025-07-19 16:58:32,915 WARNING urllib3.connectionpool Retrying (Retry(total=2, connect=None, read=None, redirect=None, status=None)) after connection broken by 'NewConnectionError('<urllib3.connection.HTTPConnection object at 0x000002AC38551F20>: Failed to establish a new connection: [WinError 10061] Nenhuma conexão pôde ser feita porque a máquina de destino as recusou ativamente')': /session/88ec76d482717f1fc591201d674012b4/execute/sync
2025-07-19 16:58:37,014 WARNING urllib3.connectionpool Retrying (Retry(total=1, connect=None, read=None, redirect=None, status=None)) after connection broken by 'NewConnectionError('<urllib3.connection.HTTPConnection object at 0x000002AC38552250>: Failed to establish a new connection: [WinError 10061] Nenhuma conexão pôde ser feita porque a máquina de destino as recusou ativamente')': /session/88ec76d482717f1fc591201d674012b4/execute/sync
2025-07-19 16:58:41,087 WARNING urllib3.connectionpool Retrying (Retry(total=0, connect=None, read=None, redirect=None, status=None)) after connection broken by 'NewConnectionError('<urllib3.connection.HTTPConnection object at 0x000002AC38552580>: Failed to establish a new connection: [WinError 10061] Nenhuma conexão pôde ser feita porque a máquina de destino as recusou ativamente')': /session/88ec76d482717f1fc591201d674012b4/execute/sync
2025-07-19 16:58:49,253 WARNING urllib3.connectionpool Retrying (Retry(total=2, connect=None, read=None, redirect=None, status=None)) after connection broken by 'NewConnectionError('<urllib3.connection.HTTPConnection object at 0x000002AC38552CF0>: Failed to establish a new connection: [WinError 10061] Nenhuma conexão pôde ser feita porque a máquina de destino as recusou ativamente')': /session/88ec76d482717f1fc591201d674012b4/execute/sync
2025-07-19 16:58:53,341 WARNING urllib3.connectionpool Retrying (Retry(total=1, connect=None, read=None, redirect=None, status=None)) after connection broken by 'NewConnectionError('<urllib3.connection.HTTPConnection object at 0x000002AC38553020>: Failed to establish a new connection: [WinError 10061] Nenhuma conexão pôde ser feita porque a máquina de destino as recusou ativamente')': /session/88ec76d482717f1fc591201d674012b4/execute/sync
2025-07-19 16:58:57,437 WARNING urllib3.connectionpool Retrying (Retry(total=0, connect=None, read=None, redirect=None, status=None)) after connection broken by 'NewConnectionError('<urllib3.connection.HTTPConnection object at 0x000002AC38553350>: Failed to establish a new connection: [WinError 10061] Nenhuma conexão pôde ser feita porque a máquina de destino as recusou ativamente')': /session/88ec76d482717f1fc591201d674012b4/execute/sync
2025-07-19 16:59:05,634 WARNING urllib3.connectionpool Retrying (Retry(total=2, connect=None, read=None, redirect=None, status=None)) after connection broken by 'NewConnectionError('<urllib3.connection.HTTPConnection object at 0x000002AC38553AC0>: Failed to establish a new connection: [WinError 10061] Nenhuma conexão pôde ser feita porque a máquina de destino as recusou ativamente')': /session/88ec76d482717f1fc591201d674012b4/element/f.B2ECA97B5F4F63E22A5F1156CCB04235.d.A4B500F3C9922CA45C3A61948B030356.e.545/element
2025-07-19 16:59:09,710 WARNING urllib3.connectionpool Retrying (Retry(total=1, connect=None, read=None, redirect=None, status=None)) after connection broken by 'NewConnectionError('<urllib3.connection.HTTPConnection object at 0x000002AC38553DF0>: Failed to establish a new connection: [WinError 10061] Nenhuma conexão pôde ser feita porque a máquina de destino as recusou ativamente')': /session/88ec76d482717f1fc591201d674012b4/element/f.B2ECA97B5F4F63E22A5F1156CCB04235.d.A4B500F3C9922CA45C3A61948B030356.e.545/element
2025-07-19 16:59:13,803 WARNING urllib3.connectionpool Retrying (Retry(total=0, connect=None, read=None, redirect=None, status=None)) after connection broken by 'NewConnectionError('<urllib3.connection.HTTPConnection object at 0x000002AC38548160>: Failed to establish a new connection: [WinError 10061] Nenhuma conexão pôde ser feita porque a máquina de destino as recusou ativamente')': /session/88ec76d482717f1fc591201d674012b4/element/f.B2ECA97B5F4F63E22A5F1156CCB04235.d.A4B500F3C9922CA45C3A61948B030356.e.545/element
2025-07-19 16:59:21,956 WARNING urllib3.connectionpool Retrying (Retry(total=2, connect=None, read=None, redirect=None, status=None)) after connection broken by 'NewConnectionError('<urllib3.connection.HTTPConnection object at 0x000002AC385488D0>: Failed to establish a new connection: [WinError 10061] Nenhuma conexão pôde ser feita porque a máquina de destino as recusou ativamente')': /session/88ec76d482717f1fc591201d674012b4/element/f.B2ECA97B5F4F63E22A5F1156CCB04235.d.A4B500F3C9922CA45C3A61948B030356.e.545/elements
2025-07-19 16:59:26,039 WARNING urllib3.connectionpool Retrying (Retry(total=1, connect=None, read=None, redirect=None, status=None)) after connection broken by 'NewConnectionError('<urllib3.connection.HTTPConnection object at 0x000002AC38548C00>: Failed to establish a new connection: [WinError 10061] Nenhuma conexão pôde ser feita porque a máquina de destino as recusou ativamente')': /session/88ec76d482717f1fc591201d674012b4/element/f.B2ECA97B5F4F63E22A5F1156CCB04235.d.A4B500F3C9922CA45C3A61948B030356.e.545/elements
2025-07-19 16:59:30,126 WARNING urllib3.connectionpool Retrying (Retry(total=0, connect=None, read=None, redirect=None, status=None)) after connection broken by 'NewConnectionError('<urllib3.connection.HTTPConnection object at 0x000002AC38548F30>: Failed to establish a new connection: [WinError 10061] Nenhuma conexão pôde ser feita porque a máquina de destino as recusou ativamente')': /session/88ec76d482717f1fc591201d674012b4/element/f.B2ECA97B5F4F63E22A5F1156CCB04235.d.A4B500F3C9922CA45C3A61948B030356.e.545/elements
2025-07-19 16:59:38,306 WARNING urllib3.connectionpool Retrying (Retry(total=2, connect=None, read=None, redirect=None, status=None)) after connection broken by 'NewConnectionError('<urllib3.connection.HTTPConnection object at 0x000002AC385496A0>: Failed to establish a new connection: [WinError 10061] Nenhuma conexão pôde ser feita porque a máquina de destino as recusou ativamente')': /session/88ec76d482717f1fc591201d674012b4/element/f.B2ECA97B5F4F63E22A5F1156CCB04235.d.A4B500F3C9922CA45C3A61948B030356.e.545/elements
2025-07-19 16:59:42,380 WARNING urllib3.connectionpool Retrying (Retry(total=1, connect=None, read=None, redirect=None, status=None)) after connection broken by 'NewConnectionError('<urllib3.connection.HTTPConnection object at 0x000002AC385499D0>: Failed to establish a new connection: [WinError 10061] Nenhuma conexão pôde ser feita porque a máquina de destino as recusou ativamente')': /session/88ec76d482717f1fc591201d674012b4/element/f.B2ECA97B5F4F63E22A5F1156CCB04235.d.A4B500F3C9922CA45C3A61948B030356.e.545/elements
2025-07-19 16:59:46,435 WARNING urllib3.connectionpool Retrying (Retry(total=0, connect=None, read=None, redirect=None, status=None)) after connection broken by 'NewConnectionError('<urllib3.connection.HTTPConnection object at 0x000002AC38549D00>: Failed to establish a new connection: [WinError 10061] Nenhuma conexão pôde ser feita porque a máquina de destino as recusou ativamente')': /session/88ec76d482717f1fc591201d674012b4/element/f.B2ECA97B5F4F63E22A5F1156CCB04235.d.A4B500F3C9922CA45C3A61948B030356.e.545/elements
2025-07-19 16:59:54,581 WARNING urllib3.connectionpool Retrying (Retry(total=2, connect=None, read=None, redirect=None, status=None)) after connection broken by 'NewConnectionError('<urllib3.connection.HTTPConnection object at 0x000002AC3854A470>: Failed to establish a new connection: [WinError 10061] Nenhuma conexão pôde ser feita porque a máquina de destino as recusou ativamente')': /session/88ec76d482717f1fc591201d674012b4/element/f.B2ECA97B5F4F63E22A5F1156CCB04235.d.A4B500F3C9922CA45C3A61948B030356.e.545/text
2025-07-19 16:59:58,675 WARNING urllib3.connectionpool Retrying (Retry(total=1, connect=None, read=None, redirect=None, status=None)) after connection broken by 'NewConnectionError('<urllib3.connection.HTTPConnection object at 0x000002AC38553AC0>: Failed to establish a new connection: [WinError 10061] Nenhuma conexão pôde ser feita porque a máquina de destino as recusou ativamente')': /session/88ec76d482717f1fc591201d674012b4/element/f.B2ECA97B5F4F63E22A5F1156CCB04235.d.A4B500F3C9922CA45C3A61948B030356.e.545/text
2025-07-19 17:00:02,772 WARNING urllib3.connectionpool Retrying (Retry(total=0, connect=None, read=None, redirect=None, status=None)) after connection broken by 'NewConnectionError('<urllib3.connection.HTTPConnection object at 0x000002AC385539B0>: Failed to establish a new connection: [WinError 10061] Nenhuma conexão pôde ser feita porque a máquina de destino as recusou ativamente')': /session/88ec76d482717f1fc591201d674012b4/element/f.B2ECA97B5F4F63E22A5F1156CCB04235.d.A4B500F3C9922CA45C3A61948B030356.e.545/text
2025-07-19 17:00:10,948 WARNING urllib3.connectionpool Retrying (Retry(total=2, connect=None, read=None, redirect=None, status=None)) after connection broken by 'NewConnectionError('<urllib3.connection.HTTPConnection object at 0x000002AC38553020>: Failed to establish a new connection: [WinError 10061] Nenhuma conexão pôde ser feita porque a máquina de destino as recusou ativamente')': /session/88ec76d482717f1fc591201d674012b4/execute/sync
2025-07-19 17:00:15,043 WARNING urllib3.connectionpool Retrying (Retry(total=1, connect=None, read=None, redirect=None, status=None)) after connection broken by 'NewConnectionError('<urllib3.connection.HTTPConnection object at 0x000002AC38552CF0>: Failed to establish a new connection: [WinError 10061] Nenhuma conexão pôde ser feita porque a máquina de destino as recusou ativamente')': /session/88ec76d482717f1fc591201d674012b4/execute/sync
2025-07-19 17:00:19,145 WARNING urllib3.connectionpool Retrying (Retry(total=0, connect=None, read=None, redirect=None, status=None)) after connection broken by 'NewConnectionError('<urllib3.connection.HTTPConnection object at 0x000002AC38552BE0>: Failed to establish a new connection: [WinError 10061] Nenhuma conexão pôde ser feita porque a máquina de destino as recusou ativamente')': /session/88ec76d482717f1fc591201d674012b4/execute/sync
2025-07-19 17:00:27,318 WARNING urllib3.connectionpool Retrying (Retry(total=2, connect=None, read=None, redirect=None, status=None)) after connection broken by 'NewConnectionError('<urllib3.connection.HTTPConnection object at 0x000002AC38552250>: Failed to establish a new connection: [WinError 10061] Nenhuma conexão pôde ser feita porque a máquina de destino as recusou ativamente')': /session/88ec76d482717f1fc591201d674012b4/execute/sync
2025-07-19 17:00:31,407 WARNING urllib3.connectionpool Retrying (Retry(total=1, connect=None, read=None, redirect=None, status=None)) after connection broken by 'NewConnectionError('<urllib3.connection.HTTPConnection object at 0x000002AC38551F20>: Failed to establish a new connection: [WinError 10061] Nenhuma conexão pôde ser feita porque a máquina de destino as recusou ativamente')': /session/88ec76d482717f1fc591201d674012b4/execute/sync
2025-07-19 17:00:35,505 WARNING urllib3.connectionpool Retrying (Retry(total=0, connect=None, read=None, redirect=None, status=None)) after connection broken by 'NewConnectionError('<urllib3.connection.HTTPConnection object at 0x000002AC38551E10>: Failed to establish a new connection: [WinError 10061] Nenhuma conexão pôde ser feita porque a máquina de destino as recusou ativamente')': /session/88ec76d482717f1fc591201d674012b4/execute/sync
2025-07-19 17:00:43,707 WARNING urllib3.connectionpool Retrying (Retry(total=2, connect=None, read=None, redirect=None, status=None)) after connection broken by 'NewConnectionError('<urllib3.connection.HTTPConnection object at 0x000002AC38551480>: Failed to establish a new connection: [WinError 10061] Nenhuma conexão pôde ser feita porque a máquina de destino as recusou ativamente')': /session/88ec76d482717f1fc591201d674012b4/element/f.B2ECA97B5F4F63E22A5F1156CCB04235.d.A4B500F3C9922CA45C3A61948B030356.e.546/element
2025-07-19 17:00:47,779 WARNING urllib3.connectionpool Retrying (Retry(total=1, connect=None, read=None, redirect=None, status=None)) after connection broken by 'NewConnectionError('<urllib3.connection.HTTPConnection object at 0x000002AC38551150>: Failed to establish a new connection: [WinError 10061] Nenhuma conexão pôde ser feita porque a máquina de destino as recusou ativamente')': /session/88ec76d482717f1fc591201d674012b4/element/f.B2ECA97B5F4F63E22A5F1156CCB04235.d.A4B500F3C9922CA45C3A61948B030356.e.546/element
2025-07-19 17:00:51,851 WARNING urllib3.connectionpool Retrying (Retry(total=0, connect=None, read=None, redirect=None, status=None)) after connection broken by 'NewConnectionError('<urllib3.connection.HTTPConnection object at 0x000002AC38551040>: Failed to establish a new connection: [WinError 10061] Nenhuma conexão pôde ser feita porque a máquina de destino as recusou ativamente')': /session/88ec76d482717f1fc591201d674012b4/element/f.B2ECA97B5F4F63E22A5F1156CCB04235.d.A4B500F3C9922CA45C3A61948B030356.e.546/element
2025-07-19 17:01:00,038 WARNING urllib3.connectionpool Retrying (Retry(total=2, connect=None, read=None, redirect=None, status=None)) after connection broken by 'NewConnectionError('<urllib3.connection.HTTPConnection object at 0x000002AC385508D0>: Failed to establish a new connection: [WinError 10061] Nenhuma conexão pôde ser feita porque a máquina de destino as recusou ativamente')': /session/88ec76d482717f1fc591201d674012b4/element/f.B2ECA97B5F4F63E22A5F1156CCB04235.d.A4B500F3C9922CA45C3A61948B030356.e.546/elements
2025-07-19 17:01:04,136 WARNING urllib3.connectionpool Retrying (Retry(total=1, connect=None, read=None, redirect=None, status=None)) after connection broken by 'NewConnectionError('<urllib3.connection.HTTPConnection object at 0x000002AC38550380>: Failed to establish a new connection: [WinError 10061] Nenhuma conexão pôde ser feita porque a máquina de destino as recusou ativamente')': /session/88ec76d482717f1fc591201d674012b4/element/f.B2ECA97B5F4F63E22A5F1156CCB04235.d.A4B500F3C9922CA45C3A61948B030356.e.546/elements
2025-07-19 17:01:08,232 WARNING urllib3.connectionpool Retrying (Retry(total=0, connect=None, read=None, redirect=None, status=None)) after connection broken by 'NewConnectionError('<urllib3.connection.HTTPConnection object at 0x000002AC38550270>: Failed to establish a new connection: [WinError 10061] Nenhuma conexão pôde ser feita porque a máquina de destino as recusou ativamente')': /session/88ec76d482717f1fc591201d674012b4/element/f.B2ECA97B5F4F63E22A5F1156CCB04235.d.A4B500F3C9922CA45C3A61948B030356.e.546/elements
2025-07-19 17:01:16,432 WARNING urllib3.connectionpool Retrying (Retry(total=2, connect=None, read=None, redirect=None, status=None)) after connection broken by 'NewConnectionError('<urllib3.connection.HTTPConnection object at 0x000002AC38342140>: Failed to establish a new connection: [WinError 10061] Nenhuma conexão pôde ser feita porque a máquina de destino as recusou ativamente')': /session/88ec76d482717f1fc591201d674012b4/element/f.B2ECA97B5F4F63E22A5F1156CCB04235.d.A4B500F3C9922CA45C3A61948B030356.e.546/elements
2025-07-19 17:01:20,523 WARNING urllib3.connectionpool Retrying (Retry(total=1, connect=None, read=None, redirect=None, status=None)) after connection broken by 'NewConnectionError('<urllib3.connection.HTTPConnection object at 0x000002AC383428B0>: Failed to establish a new connection: [WinError 10061] Nenhuma conexão pôde ser feita porque a máquina de destino as recusou ativamente')': /session/88ec76d482717f1fc591201d674012b4/element/f.B2ECA97B5F4F63E22A5F1156CCB04235.d.A4B500F3C9922CA45C3A61948B030356.e.546/elements
2025-07-19 17:01:24,598 WARNING urllib3.connectionpool Retrying (Retry(total=0, connect=None, read=None, redirect=None, status=None)) after connection broken by 'NewConnectionError('<urllib3.connection.HTTPConnection object at 0x000002AC38343F00>: Failed to establish a new connection: [WinError 10061] Nenhuma conexão pôde ser feita porque a máquina de destino as recusou ativamente')': /session/88ec76d482717f1fc591201d674012b4/element/f.B2ECA97B5F4F63E22A5F1156CCB04235.d.A4B500F3C9922CA45C3A61948B030356.e.546/elements
2025-07-19 17:01:32,771 WARNING urllib3.connectionpool Retrying (Retry(total=2, connect=None, read=None, redirect=None, status=None)) after connection broken by 'NewConnectionError('<urllib3.connection.HTTPConnection object at 0x000002AC38549D00>: Failed to establish a new connection: [WinError 10061] Nenhuma conexão pôde ser feita porque a máquina de destino as recusou ativamente')': /session/88ec76d482717f1fc591201d674012b4/element/f.B2ECA97B5F4F63E22A5F1156CCB04235.d.A4B500F3C9922CA45C3A61948B030356.e.546/text
2025-07-19 17:01:36,858 WARNING urllib3.connectionpool Retrying (Retry(total=1, connect=None, read=None, redirect=None, status=None)) after connection broken by 'NewConnectionError('<urllib3.connection.HTTPConnection object at 0x000002AC385499D0>: Failed to establish a new connection: [WinError 10061] Nenhuma conexão pôde ser feita porque a máquina de destino as recusou ativamente')': /session/88ec76d482717f1fc591201d674012b4/element/f.B2ECA97B5F4F63E22A5F1156CCB04235.d.A4B500F3C9922CA45C3A61948B030356.e.546/text
2025-07-19 17:01:40,941 WARNING urllib3.connectionpool Retrying (Retry(total=0, connect=None, read=None, redirect=None, status=None)) after connection broken by 'NewConnectionError('<urllib3.connection.HTTPConnection object at 0x000002AC385496A0>: Failed to establish a new connection: [WinError 10061] Nenhuma conexão pôde ser feita porque a máquina de destino as recusou ativamente')': /session/88ec76d482717f1fc591201d674012b4/element/f.B2ECA97B5F4F63E22A5F1156CCB04235.d.A4B500F3C9922CA45C3A61948B030356.e.546/text
2025-07-19 17:01:49,100 WARNING urllib3.connectionpool Retrying (Retry(total=2, connect=None, read=None, redirect=None, status=None)) after connection broken by 'NewConnectionError('<urllib3.connection.HTTPConnection object at 0x000002AC38548F30>: Failed to establish a new connection: [WinError 10061] Nenhuma conexão pôde ser feita porque a máquina de destino as recusou ativamente')': /session/88ec76d482717f1fc591201d674012b4/execute/sync
2025-07-19 17:01:53,193 WARNING urllib3.connectionpool Retrying (Retry(total=1, connect=None, read=None, redirect=None, status=None)) after connection broken by 'NewConnectionError('<urllib3.connection.HTTPConnection object at 0x000002AC38548C00>: Failed to establish a new connection: [WinError 10061] Nenhuma conexão pôde ser feita porque a máquina de destino as recusou ativamente')': /session/88ec76d482717f1fc591201d674012b4/execute/sync
2025-07-19 17:01:57,258 WARNING urllib3.connectionpool Retrying (Retry(total=0, connect=None, read=None, redirect=None, status=None)) after connection broken by 'NewConnectionError('<urllib3.connection.HTTPConnection object at 0x000002AC385488D0>: Failed to establish a new connection: [WinError 10061] Nenhuma conexão pôde ser feita porque a máquina de destino as recusou ativamente')': /session/88ec76d482717f1fc591201d674012b4/execute/sync
2025-07-19 17:02:05,449 WARNING urllib3.connectionpool Retrying (Retry(total=2, connect=None, read=None, redirect=None, status=None)) after connection broken by 'NewConnectionError('<urllib3.connection.HTTPConnection object at 0x000002AC38548160>: Failed to establish a new connection: [WinError 10061] Nenhuma conexão pôde ser feita porque a máquina de destino as recusou ativamente')': /session/88ec76d482717f1fc591201d674012b4/execute/sync
2025-07-19 17:02:09,545 WARNING urllib3.connectionpool Retrying (Retry(total=1, connect=None, read=None, redirect=None, status=None)) after connection broken by 'NewConnectionError('<urllib3.connection.HTTPConnection object at 0x000002AC38548050>: Failed to establish a new connection: [WinError 10061] Nenhuma conexão pôde ser feita porque a máquina de destino as recusou ativamente')': /session/88ec76d482717f1fc591201d674012b4/execute/sync
2025-07-19 17:02:11,809 INFO werkzeug [31m[1mWARNING: This is a development server. Do not use it in a production deployment. Use a production WSGI server instead.[0m
 * Running on all addresses (0.0.0.0)
 * Running on http://127.0.0.1:5000
 * Running on http://10.0.7.199:5000
2025-07-19 17:02:11,809 INFO werkzeug [33mPress CTRL+C to quit[0m
2025-07-19 17:02:13,639 WARNING urllib3.connectionpool Retrying (Retry(total=0, connect=None, read=None, redirect=None, status=None)) after connection broken by 'NewConnectionError('<urllib3.connection.HTTPConnection object at 0x000002AC3854A7A0>: Failed to establish a new connection: [WinError 10061] Nenhuma conexão pôde ser feita porque a máquina de destino as recusou ativamente')': /session/88ec76d482717f1fc591201d674012b4/execute/sync
2025-07-19 17:02:20,687 INFO root Buscando propriedades: rio-de-janeiro, apartamento, zapimoveis
2025-07-19 17:02:20,687 INFO WDM ====== WebDriver manager ======
2025-07-19 17:02:20,688 INFO werkzeug 127.0.0.1 - - [19/Jul/2025 17:02:20] "GET /api/scrapers/status HTTP/1.1" 200 -
2025-07-19 17:02:20,951 INFO werkzeug 127.0.0.1 - - [19/Jul/2025 17:02:20] "GET /api/scrapers/status HTTP/1.1" 200 -
2025-07-19 17:02:21,803 WARNING urllib3.connectionpool Retrying (Retry(total=2, connect=None, read=None, redirect=None, status=None)) after connection broken by 'NewConnectionError('<urllib3.connection.HTTPConnection object at 0x000002AC3854AF10>: Failed to establish a new connection: [WinError 10061] Nenhuma conexão pôde ser feita porque a máquina de destino as recusou ativamente')': /session/88ec76d482717f1fc591201d674012b4/element/f.B2ECA97B5F4F63E22A5F1156CCB04235.d.A4B500F3C9922CA45C3A61948B030356.e.547/element
2025-07-19 17:02:21,809 INFO WDM Get LATEST chromedriver version for google-chrome
2025-07-19 17:02:22,360 INFO WDM Get LATEST chromedriver version for google-chrome
2025-07-19 17:02:22,910 INFO WDM Driver [C:\Users\rober\.wdm\drivers\chromedriver\win64\138.0.7204.157\chromedriver-win32/chromedriver.exe] found in cache
2025-07-19 17:02:24,154 INFO root Iniciando scraping ZapImóveis: https://www.zapimoveis.com.br/venda/apartamentos/rj+rio-de-janeiro/
2025-07-19 17:02:24,155 INFO root Buscando links em: https://www.zapimoveis.com.br/venda/apartamentos/rj+rio-de-janeiro/
2025-07-19 17:02:25,852 WARNING urllib3.connectionpool Retrying (Retry(total=1, connect=None, read=None, redirect=None, status=None)) after connection broken by 'NewConnectionError('<urllib3.connection.HTTPConnection object at 0x000002AC3854B240>: Failed to establish a new connection: [WinError 10061] Nenhuma conexão pôde ser feita porque a máquina de destino as recusou ativamente')': /session/88ec76d482717f1fc591201d674012b4/element/f.B2ECA97B5F4F63E22A5F1156CCB04235.d.A4B500F3C9922CA45C3A61948B030356.e.547/element
2025-07-19 17:02:29,885 WARNING urllib3.connectionpool Retrying (Retry(total=0, connect=None, read=None, redirect=None, status=None)) after connection broken by 'NewConnectionError('<urllib3.connection.HTTPConnection object at 0x000002AC383428B0>: Failed to establish a new connection: [WinError 10061] Nenhuma conexão pôde ser feita porque a máquina de destino as recusou ativamente')': /session/88ec76d482717f1fc591201d674012b4/element/f.B2ECA97B5F4F63E22A5F1156CCB04235.d.A4B500F3C9922CA45C3A61948B030356.e.547/element
2025-07-19 17:02:30,166 INFO root Processando página 1
2025-07-19 17:02:35,692 INFO root Encontrados 71 elementos com seletor: a[href*="/imovel/"]
2025-07-19 17:02:36,129 INFO root Encontrados 46 links únicos na página 1
2025-07-19 17:02:38,070 WARNING urllib3.connectionpool Retrying (Retry(total=2, connect=None, read=None, redirect=None, status=None)) after connection broken by 'NewConnectionError('<urllib3.connection.HTTPConnection object at 0x000002AC38343DF0>: Failed to establish a new connection: [WinError 10061] Nenhuma conexão pôde ser feita porque a máquina de destino as recusou ativamente')': /session/88ec76d482717f1fc591201d674012b4/element/f.B2ECA97B5F4F63E22A5F1156CCB04235.d.A4B500F3C9922CA45C3A61948B030356.e.547/elements
2025-07-19 17:02:40,385 INFO root Buscando propriedades: rio-de-janeiro, apartamento, zapimoveis
2025-07-19 17:02:40,386 INFO WDM ====== WebDriver manager ======
2025-07-19 17:02:40,608 INFO root Processando página 2
2025-07-19 17:02:41,627 INFO WDM Get LATEST chromedriver version for google-chrome
2025-07-19 17:02:42,146 WARNING urllib3.connectionpool Retrying (Retry(total=1, connect=None, read=None, redirect=None, status=None)) after connection broken by 'NewConnectionError('<urllib3.connection.HTTPConnection object at 0x000002AC38343350>: Failed to establish a new connection: [WinError 10061] Nenhuma conexão pôde ser feita porque a máquina de destino as recusou ativamente')': /session/88ec76d482717f1fc591201d674012b4/element/f.B2ECA97B5F4F63E22A5F1156CCB04235.d.A4B500F3C9922CA45C3A61948B030356.e.547/elements
2025-07-19 17:02:42,150 INFO WDM Get LATEST chromedriver version for google-chrome
2025-07-19 17:02:42,635 INFO WDM Driver [C:\Users\rober\.wdm\drivers\chromedriver\win64\138.0.7204.157\chromedriver-win32/chromedriver.exe] found in cache
2025-07-19 17:02:43,578 INFO root Iniciando scraping ZapImóveis: https://www.zapimoveis.com.br/venda/apartamentos/rj+rio-de-janeiro/
2025-07-19 17:02:43,578 INFO root Buscando links em: https://www.zapimoveis.com.br/venda/apartamentos/rj+rio-de-janeiro/
2025-07-19 17:02:45,962 INFO root Encontrados 50 elementos com seletor: a[href*="/imovel/"]
2025-07-19 17:02:46,223 INFO root Encontrados 0 links únicos na página 2
2025-07-19 17:02:46,266 WARNING urllib3.connectionpool Retrying (Retry(total=0, connect=None, read=None, redirect=None, status=None)) after connection broken by 'NewConnectionError('<urllib3.connection.HTTPConnection object at 0x000002AC38550380>: Failed to establish a new connection: [WinError 10061] Nenhuma conexão pôde ser feita porque a máquina de destino as recusou ativamente')': /session/88ec76d482717f1fc591201d674012b4/element/f.B2ECA97B5F4F63E22A5F1156CCB04235.d.A4B500F3C9922CA45C3A61948B030356.e.547/elements
2025-07-19 17:02:50,028 INFO root Processando página 1
2025-07-19 17:02:51,376 INFO root Processando página 3
2025-07-19 17:02:54,371 WARNING urllib3.connectionpool Retrying (Retry(total=2, connect=None, read=None, redirect=None, status=None)) after connection broken by 'NewConnectionError('<urllib3.connection.HTTPConnection object at 0x000002AC38550C00>: Failed to establish a new connection: [WinError 10061] Nenhuma conexão pôde ser feita porque a máquina de destino as recusou ativamente')': /session/88ec76d482717f1fc591201d674012b4/element/f.B2ECA97B5F4F63E22A5F1156CCB04235.d.A4B500F3C9922CA45C3A61948B030356.e.547/elements
2025-07-19 17:02:55,580 INFO root Encontrados 71 elementos com seletor: a[href*="/imovel/"]
2025-07-19 17:02:56,009 INFO root Encontrados 46 links únicos na página 1
2025-07-19 17:02:56,750 INFO root Encontrados 50 elementos com seletor: a[href*="/imovel/"]
2025-07-19 17:02:57,049 INFO root Encontrados 0 links únicos na página 3
2025-07-19 17:02:57,050 INFO root Total de 46 links únicos encontrados
2025-07-19 17:02:57,050 INFO root Extraindo detalhes de 10 propriedades...
2025-07-19 17:02:57,050 INFO root Processando propriedade 1/10
2025-07-19 17:02:57,050 INFO root Extraindo dados de: https://www.zapimoveis.com.br/imovel/venda-apartamento-3-quartos-com-elevador-ipanema-zona-sul-rio-de-janeiro-rj-130m2-id-2773502621/?source=ranking%2Crp
2025-07-19 17:02:58,435 WARNING urllib3.connectionpool Retrying (Retry(total=1, connect=None, read=None, redirect=None, status=None)) after connection broken by 'NewConnectionError('<urllib3.connection.HTTPConnection object at 0x000002AC38550F30>: Failed to establish a new connection: [WinError 10061] Nenhuma conexão pôde ser feita porque a máquina de destino as recusou ativamente')': /session/88ec76d482717f1fc591201d674012b4/element/f.B2ECA97B5F4F63E22A5F1156CCB04235.d.A4B500F3C9922CA45C3A61948B030356.e.547/elements
2025-07-19 17:03:01,182 INFO root Processando página 2
2025-07-19 17:03:02,513 WARNING urllib3.connectionpool Retrying (Retry(total=0, connect=None, read=None, redirect=None, status=None)) after connection broken by 'NewConnectionError('<urllib3.connection.HTTPConnection object at 0x000002AC38551260>: Failed to establish a new connection: [WinError 10061] Nenhuma conexão pôde ser feita porque a máquina de destino as recusou ativamente')': /session/88ec76d482717f1fc591201d674012b4/element/f.B2ECA97B5F4F63E22A5F1156CCB04235.d.A4B500F3C9922CA45C3A61948B030356.e.547/elements
2025-07-19 17:03:02,530 INFO root Buscando propriedades: belo-horizonte, apartamento, zapimoveis
2025-07-19 17:03:02,530 INFO WDM ====== WebDriver manager ======
2025-07-19 17:03:03,891 INFO WDM Get LATEST chromedriver version for google-chrome
2025-07-19 17:03:04,440 INFO WDM Get LATEST chromedriver version for google-chrome
2025-07-19 17:03:04,983 INFO WDM Driver [C:\Users\rober\.wdm\drivers\chromedriver\win64\138.0.7204.157\chromedriver-win32/chromedriver.exe] found in cache
2025-07-19 17:03:05,893 INFO root Iniciando scraping ZapImóveis: https://www.zapimoveis.com.br/venda/apartamentos/mg+belo-horizonte/
2025-07-19 17:03:05,893 INFO root Buscando links em: https://www.zapimoveis.com.br/venda/apartamentos/mg+belo-horizonte/
2025-07-19 17:03:07,041 INFO root Encontrados 0 links únicos na página 2
2025-07-19 17:03:07,085 WARNING root Não foi possível ir para página 3
2025-07-19 17:03:07,085 INFO root Total de 46 links únicos encontrados
2025-07-19 17:03:07,085 INFO root Extraindo detalhes de 10 propriedades...
2025-07-19 17:03:07,085 INFO root Processando propriedade 1/10
2025-07-19 17:03:07,086 INFO root Extraindo dados de: https://www.zapimoveis.com.br/imovel/venda-apartamento-3-quartos-com-elevador-ipanema-zona-sul-rio-de-janeiro-rj-130m2-id-2773502621/?source=ranking%2Crp
2025-07-19 17:03:10,609 INFO root Processando página 1
2025-07-19 17:03:10,666 WARNING urllib3.connectionpool Retrying (Retry(total=2, connect=None, read=None, redirect=None, status=None)) after connection broken by 'NewConnectionError('<urllib3.connection.HTTPConnection object at 0x000002AC38342140>: Failed to establish a new connection: [WinError 10061] Nenhuma conexão pôde ser feita porque a máquina de destino as recusou ativamente')': /session/88ec76d482717f1fc591201d674012b4/element/f.B2ECA97B5F4F63E22A5F1156CCB04235.d.A4B500F3C9922CA45C3A61948B030356.e.547/text
2025-07-19 17:03:13,401 INFO root Processando propriedade 2/10
2025-07-19 17:03:13,402 INFO root Extraindo dados de: https://www.zapimoveis.com.br/imovel/venda-apartamento-2-quartos-com-ar-condicionado-andarai-zona-norte-rio-de-janeiro-rj-95m2-id-2815156221/?source=ranking%2Crp
2025-07-19 17:03:14,751 WARNING urllib3.connectionpool Retrying (Retry(total=1, connect=None, read=None, redirect=None, status=None)) after connection broken by 'NewConnectionError('<urllib3.connection.HTTPConnection object at 0x000002AC383428B0>: Failed to establish a new connection: [WinError 10061] Nenhuma conexão pôde ser feita porque a máquina de destino as recusou ativamente')': /session/88ec76d482717f1fc591201d674012b4/element/f.B2ECA97B5F4F63E22A5F1156CCB04235.d.A4B500F3C9922CA45C3A61948B030356.e.547/text
2025-07-19 17:03:15,682 INFO root Encontrados 0 links únicos na página 1
2025-07-19 17:03:15,718 WARNING root Não foi possível ir para página 2
2025-07-19 17:03:15,718 INFO root Total de 0 links únicos encontrados
2025-07-19 17:03:15,718 WARNING root Nenhum link de propriedade encontrado
2025-07-19 17:03:16,467 ERROR root Erro ao extrair dados de https://www.zapimoveis.com.br/imovel/venda-apartamento-2-quartos-com-ar-condicionado-andarai-zona-norte-rio-de-janeiro-rj-95m2-id-2815156221/?source=ranking%2Crp: Message: invalid session id: session deleted as the browser has closed the connection
from disconnected: not connected to DevTools
  (Session info: chrome=138.0.7204.158); For documentation on this error, please visit: https://www.selenium.dev/documentation/webdriver/troubleshooting/errors#invalidsessionidexception
Stacktrace:
	GetHandleVerifier [0x0x661a33+62339]
	GetHandleVerifier [0x0x661a74+62404]
	(No symbol) [0x0x4a2123]
	(No symbol) [0x0x491b30]
	(No symbol) [0x0x4af8f2]
	(No symbol) [0x0x515cbc]
	(No symbol) [0x0x530089]
	(No symbol) [0x0x50f1b6]
	(No symbol) [0x0x4de7a2]
	(No symbol) [0x0x4df644]
	GetHandleVerifier [0x0x8d65c3+2637587]
	GetHandleVerifier [0x0x8d19ca+2618138]
	GetHandleVerifier [0x0x6884aa+220666]
	GetHandleVerifier [0x0x6788d8+156200]
	GetHandleVerifier [0x0x67f06d+182717]
	GetHandleVerifier [0x0x669978+94920]
	GetHandleVerifier [0x0x669b02+95314]
	GetHandleVerifier [0x0x654c4a+9626]
	BaseThreadInitThunk [0x0x75b47ba9+25]
	RtlInitializeExceptionChain [0x0x76efc0cb+107]
	RtlClearBits [0x0x76efc04f+191]

2025-07-19 17:03:17,526 ERROR root Erro ao extrair dados de https://www.zapimoveis.com.br/imovel/venda-apartamento-3-quartos-com-elevador-ipanema-zona-sul-rio-de-janeiro-rj-130m2-id-2773502621/?source=ranking%2Crp: Message: invalid session id: session deleted as the browser has closed the connection
from disconnected: not connected to DevTools
  (Session info: chrome=138.0.7204.158); For documentation on this error, please visit: https://www.selenium.dev/documentation/webdriver/troubleshooting/errors#invalidsessionidexception
Stacktrace:
	GetHandleVerifier [0x0x661a33+62339]
	GetHandleVerifier [0x0x661a74+62404]
	(No symbol) [0x0x4a2123]
	(No symbol) [0x0x491b30]
	(No symbol) [0x0x4af8f2]
	(No symbol) [0x0x515cbc]
	(No symbol) [0x0x530089]
	(No symbol) [0x0x50f1b6]
	(No symbol) [0x0x4de7a2]
	(No symbol) [0x0x4df644]
	GetHandleVerifier [0x0x8d65c3+2637587]
	GetHandleVerifier [0x0x8d19ca+2618138]
	GetHandleVerifier [0x0x6884aa+220666]
	GetHandleVerifier [0x0x6788d8+156200]
	GetHandleVerifier [0x0x67f06d+182717]
	GetHandleVerifier [0x0x669978+94920]
	GetHandleVerifier [0x0x669b02+95314]
	GetHandleVerifier [0x0x654c4a+9626]
	BaseThreadInitThunk [0x0x75b47ba9+25]
	RtlInitializeExceptionChain [0x0x76efc0cb+107]
	RtlClearBits [0x0x76efc04f+191]

2025-07-19 17:03:17,741 INFO root ZapImóveis Scraper fechado.
2025-07-19 17:03:17,742 INFO root ZapImóveis retornou 0 propriedades
2025-07-19 17:03:17,742 INFO werkzeug 127.0.0.1 - - [19/Jul/2025 17:03:17] "GET /api/properties/search?city=belo-horizonte&property_type=apartamento&portal=zapimoveis&max_results=5 HTTP/1.1" 200 -
2025-07-19 17:03:18,841 WARNING urllib3.connectionpool Retrying (Retry(total=0, connect=None, read=None, redirect=None, status=None)) after connection broken by 'NewConnectionError('<urllib3.connection.HTTPConnection object at 0x000002AC38343CE0>: Failed to establish a new connection: [WinError 10061] Nenhuma conexão pôde ser feita porque a máquina de destino as recusou ativamente')': /session/88ec76d482717f1fc591201d674012b4/element/f.B2ECA97B5F4F63E22A5F1156CCB04235.d.A4B500F3C9922CA45C3A61948B030356.e.547/text
2025-07-19 17:03:20,877 INFO root Processando propriedade 3/10
2025-07-19 17:03:20,877 INFO root Extraindo dados de: https://www.zapimoveis.com.br/imovel/venda-apartamento-3-quartos-com-interfone-ipanema-zona-sul-rio-de-janeiro-rj-170m2-id-2754649052/?source=ranking%2Crp
2025-07-19 17:03:22,292 INFO root Processando propriedade 2/10
2025-07-19 17:03:22,292 INFO root Extraindo dados de: https://www.zapimoveis.com.br/imovel/venda-apartamento-2-quartos-com-ar-condicionado-andarai-zona-norte-rio-de-janeiro-rj-95m2-id-2815156221/?source=ranking%2Crp
2025-07-19 17:03:24,640 ERROR root Erro ao extrair dados de https://www.zapimoveis.com.br/imovel/venda-apartamento-3-quartos-com-interfone-ipanema-zona-sul-rio-de-janeiro-rj-170m2-id-2754649052/?source=ranking%2Crp: Message: invalid session id; For documentation on this error, please visit: https://www.selenium.dev/documentation/webdriver/troubleshooting/errors#invalidsessionidexception
Stacktrace:
	GetHandleVerifier [0x0x661a33+62339]
	GetHandleVerifier [0x0x661a74+62404]
	(No symbol) [0x0x4a1f80]
	(No symbol) [0x0x4dda98]
	(No symbol) [0x0x50f276]
	(No symbol) [0x0x50ae75]
	(No symbol) [0x0x50a3f6]
	(No symbol) [0x0x473a45]
	(No symbol) [0x0x473f9e]
	(No symbol) [0x0x47442d]
	GetHandleVerifier [0x0x8d65c3+2637587]
	GetHandleVerifier [0x0x8d19ca+2618138]
	GetHandleVerifier [0x0x6884aa+220666]
	GetHandleVerifier [0x0x6788d8+156200]
	GetHandleVerifier [0x0x67f06d+182717]
	(No symbol) [0x0x473710]
	(No symbol) [0x0x472f1d]
	GetHandleVerifier [0x0xa0a65c+3899308]
	BaseThreadInitThunk [0x0x75b47ba9+25]
	RtlInitializeExceptionChain [0x0x76efc0cb+107]
	RtlClearBits [0x0x76efc04f+191]

2025-07-19 17:03:26,697 ERROR root Erro ao extrair dados de https://www.zapimoveis.com.br/imovel/venda-apartamento-2-quartos-com-ar-condicionado-andarai-zona-norte-rio-de-janeiro-rj-95m2-id-2815156221/?source=ranking%2Crp: Message: invalid session id; For documentation on this error, please visit: https://www.selenium.dev/documentation/webdriver/troubleshooting/errors#invalidsessionidexception
Stacktrace:
	GetHandleVerifier [0x0x661a33+62339]
	GetHandleVerifier [0x0x661a74+62404]
	(No symbol) [0x0x4a1f80]
	(No symbol) [0x0x4dda98]
	(No symbol) [0x0x50f276]
	(No symbol) [0x0x50ae75]
	(No symbol) [0x0x50a3f6]
	(No symbol) [0x0x473a45]
	(No symbol) [0x0x473f9e]
	(No symbol) [0x0x47442d]
	GetHandleVerifier [0x0x8d65c3+2637587]
	GetHandleVerifier [0x0x8d19ca+2618138]
	GetHandleVerifier [0x0x6884aa+220666]
	GetHandleVerifier [0x0x6788d8+156200]
	GetHandleVerifier [0x0x67f06d+182717]
	(No symbol) [0x0x473710]
	(No symbol) [0x0x472f1d]
	GetHandleVerifier [0x0xa0a65c+3899308]
	BaseThreadInitThunk [0x0x75b47ba9+25]
	RtlInitializeExceptionChain [0x0x76efc0cb+107]
	RtlClearBits [0x0x76efc04f+191]

2025-07-19 17:03:27,033 WARNING urllib3.connectionpool Retrying (Retry(total=2, connect=None, read=None, redirect=None, status=None)) after connection broken by 'NewConnectionError('<urllib3.connection.HTTPConnection object at 0x000002AC38550380>: Failed to establish a new connection: [WinError 10061] Nenhuma conexão pôde ser feita porque a máquina de destino as recusou ativamente')': /session/88ec76d482717f1fc591201d674012b4/execute/sync
2025-07-19 17:03:27,834 INFO root Processando propriedade 4/10
2025-07-19 17:03:27,834 INFO root Extraindo dados de: https://www.zapimoveis.com.br/imovel/venda-apartamento-2-quartos-lins-de-vasconcelos-rio-de-janeiro-50m2-id-2639703306/?source=ranking%2Crp
2025-07-19 17:03:30,945 INFO root Processando propriedade 3/10
2025-07-19 17:03:30,946 INFO root Extraindo dados de: https://www.zapimoveis.com.br/imovel/venda-apartamento-3-quartos-com-interfone-ipanema-zona-sul-rio-de-janeiro-rj-170m2-id-2754649052/?source=ranking%2Crp
2025-07-19 17:03:31,103 WARNING urllib3.connectionpool Retrying (Retry(total=1, connect=None, read=None, redirect=None, status=None)) after connection broken by 'NewConnectionError('<urllib3.connection.HTTPConnection object at 0x000002AC38550160>: Failed to establish a new connection: [WinError 10061] Nenhuma conexão pôde ser feita porque a máquina de destino as recusou ativamente')': /session/88ec76d482717f1fc591201d674012b4/execute/sync
2025-07-19 17:03:31,431 ERROR root Erro ao extrair dados de https://www.zapimoveis.com.br/imovel/venda-apartamento-2-quartos-lins-de-vasconcelos-rio-de-janeiro-50m2-id-2639703306/?source=ranking%2Crp: Message: invalid session id; For documentation on this error, please visit: https://www.selenium.dev/documentation/webdriver/troubleshooting/errors#invalidsessionidexception
Stacktrace:
	GetHandleVerifier [0x0x661a33+62339]
	GetHandleVerifier [0x0x661a74+62404]
	(No symbol) [0x0x4a1f80]
	(No symbol) [0x0x4dda98]
	(No symbol) [0x0x50f276]
	(No symbol) [0x0x50ae75]
	(No symbol) [0x0x50a3f6]
	(No symbol) [0x0x473a45]
	(No symbol) [0x0x473f9e]
	(No symbol) [0x0x47442d]
	GetHandleVerifier [0x0x8d65c3+2637587]
	GetHandleVerifier [0x0x8d19ca+2618138]
	GetHandleVerifier [0x0x6884aa+220666]
	GetHandleVerifier [0x0x6788d8+156200]
	GetHandleVerifier [0x0x67f06d+182717]
	(No symbol) [0x0x473710]
	(No symbol) [0x0x472f1d]
	GetHandleVerifier [0x0xa0a65c+3899308]
	BaseThreadInitThunk [0x0x75b47ba9+25]
	RtlInitializeExceptionChain [0x0x76efc0cb+107]
	RtlClearBits [0x0x76efc04f+191]

2025-07-19 17:03:34,730 ERROR root Erro ao extrair dados de https://www.zapimoveis.com.br/imovel/venda-apartamento-3-quartos-com-interfone-ipanema-zona-sul-rio-de-janeiro-rj-170m2-id-2754649052/?source=ranking%2Crp: Message: invalid session id; For documentation on this error, please visit: https://www.selenium.dev/documentation/webdriver/troubleshooting/errors#invalidsessionidexception
Stacktrace:
	GetHandleVerifier [0x0x661a33+62339]
	GetHandleVerifier [0x0x661a74+62404]
	(No symbol) [0x0x4a1f80]
	(No symbol) [0x0x4dda98]
	(No symbol) [0x0x50f276]
	(No symbol) [0x0x50ae75]
	(No symbol) [0x0x50a3f6]
	(No symbol) [0x0x473a45]
	(No symbol) [0x0x473f9e]
	(No symbol) [0x0x47442d]
	GetHandleVerifier [0x0x8d65c3+2637587]
	GetHandleVerifier [0x0x8d19ca+2618138]
	GetHandleVerifier [0x0x6884aa+220666]
	GetHandleVerifier [0x0x6788d8+156200]
	GetHandleVerifier [0x0x67f06d+182717]
	(No symbol) [0x0x473710]
	(No symbol) [0x0x472f1d]
	GetHandleVerifier [0x0xa0a65c+3899308]
	BaseThreadInitThunk [0x0x75b47ba9+25]
	RtlInitializeExceptionChain [0x0x76efc0cb+107]
	RtlClearBits [0x0x76efc04f+191]

2025-07-19 17:03:35,190 WARNING urllib3.connectionpool Retrying (Retry(total=0, connect=None, read=None, redirect=None, status=None)) after connection broken by 'NewConnectionError('<urllib3.connection.HTTPConnection object at 0x000002AC385518C0>: Failed to establish a new connection: [WinError 10061] Nenhuma conexão pôde ser feita porque a máquina de destino as recusou ativamente')': /session/88ec76d482717f1fc591201d674012b4/execute/sync
2025-07-19 17:03:37,131 INFO root Processando propriedade 5/10
2025-07-19 17:03:37,132 INFO root Extraindo dados de: https://www.zapimoveis.com.br/imovel/venda-apartamento-1-quarto-com-cozinha-laranjeiras-rio-de-janeiro-48m2-id-2822469186/?source=ranking%2Crp
2025-07-19 17:03:39,234 INFO root Processando propriedade 4/10
2025-07-19 17:03:39,235 INFO root Extraindo dados de: https://www.zapimoveis.com.br/imovel/venda-apartamento-2-quartos-lins-de-vasconcelos-rio-de-janeiro-50m2-id-2639703306/?source=ranking%2Crp
2025-07-19 17:03:39,480 INFO root Buscando propriedades: belo-horizonte, apartamento, zapimoveis
2025-07-19 17:03:39,480 INFO WDM ====== WebDriver manager ======
2025-07-19 17:03:40,655 INFO WDM Get LATEST chromedriver version for google-chrome
2025-07-19 17:03:41,141 INFO WDM Get LATEST chromedriver version for google-chrome
2025-07-19 17:03:41,623 INFO WDM Driver [C:\Users\rober\.wdm\drivers\chromedriver\win64\138.0.7204.157\chromedriver-win32/chromedriver.exe] found in cache
2025-07-19 17:03:41,777 ERROR root Erro ao extrair dados de https://www.zapimoveis.com.br/imovel/venda-apartamento-1-quarto-com-cozinha-laranjeiras-rio-de-janeiro-48m2-id-2822469186/?source=ranking%2Crp: Message: invalid session id; For documentation on this error, please visit: https://www.selenium.dev/documentation/webdriver/troubleshooting/errors#invalidsessionidexception
Stacktrace:
	GetHandleVerifier [0x0x661a33+62339]
	GetHandleVerifier [0x0x661a74+62404]
	(No symbol) [0x0x4a1f80]
	(No symbol) [0x0x4dda98]
	(No symbol) [0x0x50f276]
	(No symbol) [0x0x50ae75]
	(No symbol) [0x0x50a3f6]
	(No symbol) [0x0x473a45]
	(No symbol) [0x0x473f9e]
	(No symbol) [0x0x47442d]
	GetHandleVerifier [0x0x8d65c3+2637587]
	GetHandleVerifier [0x0x8d19ca+2618138]
	GetHandleVerifier [0x0x6884aa+220666]
	GetHandleVerifier [0x0x6788d8+156200]
	GetHandleVerifier [0x0x67f06d+182717]
	(No symbol) [0x0x473710]
	(No symbol) [0x0x472f1d]
	GetHandleVerifier [0x0xa0a65c+3899308]
	BaseThreadInitThunk [0x0x75b47ba9+25]
	RtlInitializeExceptionChain [0x0x76efc0cb+107]
	RtlClearBits [0x0x76efc04f+191]

2025-07-19 17:03:43,080 INFO root Iniciando scraping ZapImóveis: https://www.zapimoveis.com.br/venda/apartamentos/mg+belo-horizonte/
2025-07-19 17:03:43,080 INFO root Buscando links em: https://www.zapimoveis.com.br/venda/apartamentos/mg+belo-horizonte/
2025-07-19 17:03:43,343 WARNING urllib3.connectionpool Retrying (Retry(total=2, connect=None, read=None, redirect=None, status=None)) after connection broken by 'NewConnectionError('<urllib3.connection.HTTPConnection object at 0x000002AC38551F20>: Failed to establish a new connection: [WinError 10061] Nenhuma conexão pôde ser feita porque a máquina de destino as recusou ativamente')': /session/88ec76d482717f1fc591201d674012b4/execute/sync
2025-07-19 17:03:43,798 ERROR root Erro ao extrair dados de https://www.zapimoveis.com.br/imovel/venda-apartamento-2-quartos-lins-de-vasconcelos-rio-de-janeiro-50m2-id-2639703306/?source=ranking%2Crp: Message: invalid session id; For documentation on this error, please visit: https://www.selenium.dev/documentation/webdriver/troubleshooting/errors#invalidsessionidexception
Stacktrace:
	GetHandleVerifier [0x0x661a33+62339]
	GetHandleVerifier [0x0x661a74+62404]
	(No symbol) [0x0x4a1f80]
	(No symbol) [0x0x4dda98]
	(No symbol) [0x0x50f276]
	(No symbol) [0x0x50ae75]
	(No symbol) [0x0x50a3f6]
	(No symbol) [0x0x473a45]
	(No symbol) [0x0x473f9e]
	(No symbol) [0x0x47442d]
	GetHandleVerifier [0x0x8d65c3+2637587]
	GetHandleVerifier [0x0x8d19ca+2618138]
	GetHandleVerifier [0x0x6884aa+220666]
	GetHandleVerifier [0x0x6788d8+156200]
	GetHandleVerifier [0x0x67f06d+182717]
	(No symbol) [0x0x473710]
	(No symbol) [0x0x472f1d]
	GetHandleVerifier [0x0xa0a65c+3899308]
	BaseThreadInitThunk [0x0x75b47ba9+25]
	RtlInitializeExceptionChain [0x0x76efc0cb+107]
	RtlClearBits [0x0x76efc04f+191]

2025-07-19 17:03:46,017 INFO root Processando propriedade 6/10
2025-07-19 17:03:46,017 INFO root Extraindo dados de: https://www.zapimoveis.com.br/imovel/venda-apartamento-2-quartos-com-churrasqueira-pechincha-rio-de-janeiro-67m2-id-2659502066/?source=ranking%2Crp
2025-07-19 17:03:47,432 WARNING urllib3.connectionpool Retrying (Retry(total=1, connect=None, read=None, redirect=None, status=None)) after connection broken by 'NewConnectionError('<urllib3.connection.HTTPConnection object at 0x000002AC38552360>: Failed to establish a new connection: [WinError 10061] Nenhuma conexão pôde ser feita porque a máquina de destino as recusou ativamente')': /session/88ec76d482717f1fc591201d674012b4/execute/sync
2025-07-19 17:03:48,085 INFO root Processando propriedade 5/10
2025-07-19 17:03:48,085 INFO root Extraindo dados de: https://www.zapimoveis.com.br/imovel/venda-apartamento-1-quarto-com-cozinha-laranjeiras-rio-de-janeiro-48m2-id-2822469186/?source=ranking%2Crp
2025-07-19 17:03:48,366 INFO root Processando página 1
2025-07-19 17:03:49,103 ERROR root Erro ao extrair dados de https://www.zapimoveis.com.br/imovel/venda-apartamento-2-quartos-com-churrasqueira-pechincha-rio-de-janeiro-67m2-id-2659502066/?source=ranking%2Crp: Message: invalid session id; For documentation on this error, please visit: https://www.selenium.dev/documentation/webdriver/troubleshooting/errors#invalidsessionidexception
Stacktrace:
	GetHandleVerifier [0x0x661a33+62339]
	GetHandleVerifier [0x0x661a74+62404]
	(No symbol) [0x0x4a1f80]
	(No symbol) [0x0x4dda98]
	(No symbol) [0x0x50f276]
	(No symbol) [0x0x50ae75]
	(No symbol) [0x0x50a3f6]
	(No symbol) [0x0x473a45]
	(No symbol) [0x0x473f9e]
	(No symbol) [0x0x47442d]
	GetHandleVerifier [0x0x8d65c3+2637587]
	GetHandleVerifier [0x0x8d19ca+2618138]
	GetHandleVerifier [0x0x6884aa+220666]
	GetHandleVerifier [0x0x6788d8+156200]
	GetHandleVerifier [0x0x67f06d+182717]
	(No symbol) [0x0x473710]
	(No symbol) [0x0x472f1d]
	GetHandleVerifier [0x0xa0a65c+3899308]
	BaseThreadInitThunk [0x0x75b47ba9+25]
	RtlInitializeExceptionChain [0x0x76efc0cb+107]
	RtlClearBits [0x0x76efc04f+191]

2025-07-19 17:03:51,525 WARNING urllib3.connectionpool Retrying (Retry(total=0, connect=None, read=None, redirect=None, status=None)) after connection broken by 'NewConnectionError('<urllib3.connection.HTTPConnection object at 0x000002AC385529C0>: Failed to establish a new connection: [WinError 10061] Nenhuma conexão pôde ser feita porque a máquina de destino as recusou ativamente')': /session/88ec76d482717f1fc591201d674012b4/execute/sync
2025-07-19 17:03:51,775 ERROR root Erro ao extrair dados de https://www.zapimoveis.com.br/imovel/venda-apartamento-1-quarto-com-cozinha-laranjeiras-rio-de-janeiro-48m2-id-2822469186/?source=ranking%2Crp: Message: invalid session id; For documentation on this error, please visit: https://www.selenium.dev/documentation/webdriver/troubleshooting/errors#invalidsessionidexception
Stacktrace:
	GetHandleVerifier [0x0x661a33+62339]
	GetHandleVerifier [0x0x661a74+62404]
	(No symbol) [0x0x4a1f80]
	(No symbol) [0x0x4dda98]
	(No symbol) [0x0x50f276]
	(No symbol) [0x0x50ae75]
	(No symbol) [0x0x50a3f6]
	(No symbol) [0x0x473a45]
	(No symbol) [0x0x473f9e]
	(No symbol) [0x0x47442d]
	GetHandleVerifier [0x0x8d65c3+2637587]
	GetHandleVerifier [0x0x8d19ca+2618138]
	GetHandleVerifier [0x0x6884aa+220666]
	GetHandleVerifier [0x0x6788d8+156200]
	GetHandleVerifier [0x0x67f06d+182717]
	(No symbol) [0x0x473710]
	(No symbol) [0x0x472f1d]
	GetHandleVerifier [0x0xa0a65c+3899308]
	BaseThreadInitThunk [0x0x75b47ba9+25]
	RtlInitializeExceptionChain [0x0x76efc0cb+107]
	RtlClearBits [0x0x76efc04f+191]

2025-07-19 17:03:53,467 INFO root Encontrados 0 links únicos na página 1
2025-07-19 17:03:53,519 WARNING root Não foi possível ir para página 2
2025-07-19 17:03:53,519 INFO root Total de 0 links únicos encontrados
2025-07-19 17:03:53,519 WARNING root Nenhum link de propriedade encontrado
2025-07-19 17:03:53,778 INFO root Processando propriedade 7/10
2025-07-19 17:03:53,778 INFO root Extraindo dados de: https://www.zapimoveis.com.br/imovel/venda-apartamento-3-quartos-laranjeiras-rio-de-janeiro-105m2-id-2822471942/?source=ranking%2Crp
2025-07-19 17:03:55,804 INFO root ZapImóveis Scraper fechado.
2025-07-19 17:03:55,805 INFO root ZapImóveis retornou 0 propriedades
2025-07-19 17:03:55,805 INFO werkzeug 127.0.0.1 - - [19/Jul/2025 17:03:55] "GET /api/properties/search?city=belo-horizonte&property_type=apartamento&portal=zapimoveis&max_results=5 HTTP/1.1" 200 -
2025-07-19 17:03:56,905 INFO root Processando propriedade 6/10
2025-07-19 17:03:56,905 INFO root Extraindo dados de: https://www.zapimoveis.com.br/imovel/venda-apartamento-2-quartos-com-churrasqueira-pechincha-rio-de-janeiro-67m2-id-2659502066/?source=ranking%2Crp
2025-07-19 17:03:58,158 ERROR root Erro ao extrair dados de https://www.zapimoveis.com.br/imovel/venda-apartamento-3-quartos-laranjeiras-rio-de-janeiro-105m2-id-2822471942/?source=ranking%2Crp: Message: invalid session id; For documentation on this error, please visit: https://www.selenium.dev/documentation/webdriver/troubleshooting/errors#invalidsessionidexception
Stacktrace:
	GetHandleVerifier [0x0x661a33+62339]
	GetHandleVerifier [0x0x661a74+62404]
	(No symbol) [0x0x4a1f80]
	(No symbol) [0x0x4dda98]
	(No symbol) [0x0x50f276]
	(No symbol) [0x0x50ae75]
	(No symbol) [0x0x50a3f6]
	(No symbol) [0x0x473a45]
	(No symbol) [0x0x473f9e]
	(No symbol) [0x0x47442d]
	GetHandleVerifier [0x0x8d65c3+2637587]
	GetHandleVerifier [0x0x8d19ca+2618138]
	GetHandleVerifier [0x0x6884aa+220666]
	GetHandleVerifier [0x0x6788d8+156200]
	GetHandleVerifier [0x0x67f06d+182717]
	(No symbol) [0x0x473710]
	(No symbol) [0x0x472f1d]
	GetHandleVerifier [0x0xa0a65c+3899308]
	BaseThreadInitThunk [0x0x75b47ba9+25]
	RtlInitializeExceptionChain [0x0x76efc0cb+107]
	RtlClearBits [0x0x76efc04f+191]

2025-07-19 17:03:59,693 WARNING urllib3.connectionpool Retrying (Retry(total=2, connect=None, read=None, redirect=None, status=None)) after connection broken by 'NewConnectionError('<urllib3.connection.HTTPConnection object at 0x000002AC38552CF0>: Failed to establish a new connection: [WinError 10061] Nenhuma conexão pôde ser feita porque a máquina de destino as recusou ativamente')': /session/88ec76d482717f1fc591201d674012b4/element/f.B2ECA97B5F4F63E22A5F1156CCB04235.d.A4B500F3C9922CA45C3A61948B030356.e.548/element
2025-07-19 17:04:00,447 ERROR root Erro ao extrair dados de https://www.zapimoveis.com.br/imovel/venda-apartamento-2-quartos-com-churrasqueira-pechincha-rio-de-janeiro-67m2-id-2659502066/?source=ranking%2Crp: Message: invalid session id; For documentation on this error, please visit: https://www.selenium.dev/documentation/webdriver/troubleshooting/errors#invalidsessionidexception
Stacktrace:
	GetHandleVerifier [0x0x661a33+62339]
	GetHandleVerifier [0x0x661a74+62404]
	(No symbol) [0x0x4a1f80]
	(No symbol) [0x0x4dda98]
	(No symbol) [0x0x50f276]
	(No symbol) [0x0x50ae75]
	(No symbol) [0x0x50a3f6]
	(No symbol) [0x0x473a45]
	(No symbol) [0x0x473f9e]
	(No symbol) [0x0x47442d]
	GetHandleVerifier [0x0x8d65c3+2637587]
	GetHandleVerifier [0x0x8d19ca+2618138]
	GetHandleVerifier [0x0x6884aa+220666]
	GetHandleVerifier [0x0x6788d8+156200]
	GetHandleVerifier [0x0x67f06d+182717]
	(No symbol) [0x0x473710]
	(No symbol) [0x0x472f1d]
	GetHandleVerifier [0x0xa0a65c+3899308]
	BaseThreadInitThunk [0x0x75b47ba9+25]
	RtlInitializeExceptionChain [0x0x76efc0cb+107]
	RtlClearBits [0x0x76efc04f+191]

2025-07-19 17:04:02,779 INFO root Processando propriedade 8/10
2025-07-19 17:04:02,780 INFO root Extraindo dados de: https://www.zapimoveis.com.br/imovel/venda-apartamento-2-quartos-com-cozinha-taquara-rio-de-janeiro-67m2-id-2820622628/?source=ranking%2Crp
2025-07-19 17:04:03,774 WARNING urllib3.connectionpool Retrying (Retry(total=1, connect=None, read=None, redirect=None, status=None)) after connection broken by 'NewConnectionError('<urllib3.connection.HTTPConnection object at 0x000002AC38553020>: Failed to establish a new connection: [WinError 10061] Nenhuma conexão pôde ser feita porque a máquina de destino as recusou ativamente')': /session/88ec76d482717f1fc591201d674012b4/element/f.B2ECA97B5F4F63E22A5F1156CCB04235.d.A4B500F3C9922CA45C3A61948B030356.e.548/element
2025-07-19 17:04:04,327 INFO root Processando propriedade 7/10
2025-07-19 17:04:04,328 INFO root Extraindo dados de: https://www.zapimoveis.com.br/imovel/venda-apartamento-3-quartos-laranjeiras-rio-de-janeiro-105m2-id-2822471942/?source=ranking%2Crp
2025-07-19 17:04:06,216 ERROR root Erro ao extrair dados de https://www.zapimoveis.com.br/imovel/venda-apartamento-2-quartos-com-cozinha-taquara-rio-de-janeiro-67m2-id-2820622628/?source=ranking%2Crp: Message: invalid session id; For documentation on this error, please visit: https://www.selenium.dev/documentation/webdriver/troubleshooting/errors#invalidsessionidexception
Stacktrace:
	GetHandleVerifier [0x0x661a33+62339]
	GetHandleVerifier [0x0x661a74+62404]
	(No symbol) [0x0x4a1f80]
	(No symbol) [0x0x4dda98]
	(No symbol) [0x0x50f276]
	(No symbol) [0x0x50ae75]
	(No symbol) [0x0x50a3f6]
	(No symbol) [0x0x473a45]
	(No symbol) [0x0x473f9e]
	(No symbol) [0x0x47442d]
	GetHandleVerifier [0x0x8d65c3+2637587]
	GetHandleVerifier [0x0x8d19ca+2618138]
	GetHandleVerifier [0x0x6884aa+220666]
	GetHandleVerifier [0x0x6788d8+156200]
	GetHandleVerifier [0x0x67f06d+182717]
	(No symbol) [0x0x473710]
	(No symbol) [0x0x472f1d]
	GetHandleVerifier [0x0xa0a65c+3899308]
	BaseThreadInitThunk [0x0x75b47ba9+25]
	RtlInitializeExceptionChain [0x0x76efc0cb+107]
	RtlClearBits [0x0x76efc04f+191]

2025-07-19 17:04:07,852 WARNING urllib3.connectionpool Retrying (Retry(total=0, connect=None, read=None, redirect=None, status=None)) after connection broken by 'NewConnectionError('<urllib3.connection.HTTPConnection object at 0x000002AC38553790>: Failed to establish a new connection: [WinError 10061] Nenhuma conexão pôde ser feita porque a máquina de destino as recusou ativamente')': /session/88ec76d482717f1fc591201d674012b4/element/f.B2ECA97B5F4F63E22A5F1156CCB04235.d.A4B500F3C9922CA45C3A61948B030356.e.548/element
2025-07-19 17:04:08,464 ERROR root Erro ao extrair dados de https://www.zapimoveis.com.br/imovel/venda-apartamento-3-quartos-laranjeiras-rio-de-janeiro-105m2-id-2822471942/?source=ranking%2Crp: Message: invalid session id; For documentation on this error, please visit: https://www.selenium.dev/documentation/webdriver/troubleshooting/errors#invalidsessionidexception
Stacktrace:
	GetHandleVerifier [0x0x661a33+62339]
	GetHandleVerifier [0x0x661a74+62404]
	(No symbol) [0x0x4a1f80]
	(No symbol) [0x0x4dda98]
	(No symbol) [0x0x50f276]
	(No symbol) [0x0x50ae75]
	(No symbol) [0x0x50a3f6]
	(No symbol) [0x0x473a45]
	(No symbol) [0x0x473f9e]
	(No symbol) [0x0x47442d]
	GetHandleVerifier [0x0x8d65c3+2637587]
	GetHandleVerifier [0x0x8d19ca+2618138]
	GetHandleVerifier [0x0x6884aa+220666]
	GetHandleVerifier [0x0x6788d8+156200]
	GetHandleVerifier [0x0x67f06d+182717]
	(No symbol) [0x0x473710]
	(No symbol) [0x0x472f1d]
	GetHandleVerifier [0x0xa0a65c+3899308]
	BaseThreadInitThunk [0x0x75b47ba9+25]
	RtlInitializeExceptionChain [0x0x76efc0cb+107]
	RtlClearBits [0x0x76efc04f+191]

2025-07-19 17:04:11,001 INFO root Processando propriedade 9/10
2025-07-19 17:04:11,002 INFO root Extraindo dados de: https://www.zapimoveis.com.br/imovel/venda-apartamento-2-quartos-com-cozinha-catete-rio-de-janeiro-78m2-id-2822469191/?source=ranking%2Crp
2025-07-19 17:04:14,411 INFO root Processando propriedade 8/10
2025-07-19 17:04:14,411 INFO root Extraindo dados de: https://www.zapimoveis.com.br/imovel/venda-apartamento-2-quartos-com-cozinha-taquara-rio-de-janeiro-67m2-id-2820622628/?source=ranking%2Crp
2025-07-19 17:04:15,655 ERROR root Erro ao extrair dados de https://www.zapimoveis.com.br/imovel/venda-apartamento-2-quartos-com-cozinha-catete-rio-de-janeiro-78m2-id-2822469191/?source=ranking%2Crp: Message: invalid session id; For documentation on this error, please visit: https://www.selenium.dev/documentation/webdriver/troubleshooting/errors#invalidsessionidexception
Stacktrace:
	GetHandleVerifier [0x0x661a33+62339]
	GetHandleVerifier [0x0x661a74+62404]
	(No symbol) [0x0x4a1f80]
	(No symbol) [0x0x4dda98]
	(No symbol) [0x0x50f276]
	(No symbol) [0x0x50ae75]
	(No symbol) [0x0x50a3f6]
	(No symbol) [0x0x473a45]
	(No symbol) [0x0x473f9e]
	(No symbol) [0x0x47442d]
	GetHandleVerifier [0x0x8d65c3+2637587]
	GetHandleVerifier [0x0x8d19ca+2618138]
	GetHandleVerifier [0x0x6884aa+220666]
	GetHandleVerifier [0x0x6788d8+156200]
	GetHandleVerifier [0x0x67f06d+182717]
	(No symbol) [0x0x473710]
	(No symbol) [0x0x472f1d]
	GetHandleVerifier [0x0xa0a65c+3899308]
	BaseThreadInitThunk [0x0x75b47ba9+25]
	RtlInitializeExceptionChain [0x0x76efc0cb+107]
	RtlClearBits [0x0x76efc04f+191]

2025-07-19 17:04:16,010 WARNING urllib3.connectionpool Retrying (Retry(total=2, connect=None, read=None, redirect=None, status=None)) after connection broken by 'NewConnectionError('<urllib3.connection.HTTPConnection object at 0x000002AC38553BD0>: Failed to establish a new connection: [WinError 10061] Nenhuma conexão pôde ser feita porque a máquina de destino as recusou ativamente')': /session/88ec76d482717f1fc591201d674012b4/element/f.B2ECA97B5F4F63E22A5F1156CCB04235.d.A4B500F3C9922CA45C3A61948B030356.e.548/elements
2025-07-19 17:04:17,985 ERROR root Erro ao extrair dados de https://www.zapimoveis.com.br/imovel/venda-apartamento-2-quartos-com-cozinha-taquara-rio-de-janeiro-67m2-id-2820622628/?source=ranking%2Crp: Message: invalid session id; For documentation on this error, please visit: https://www.selenium.dev/documentation/webdriver/troubleshooting/errors#invalidsessionidexception
Stacktrace:
	GetHandleVerifier [0x0x661a33+62339]
	GetHandleVerifier [0x0x661a74+62404]
	(No symbol) [0x0x4a1f80]
	(No symbol) [0x0x4dda98]
	(No symbol) [0x0x50f276]
	(No symbol) [0x0x50ae75]
	(No symbol) [0x0x50a3f6]
	(No symbol) [0x0x473a45]
	(No symbol) [0x0x473f9e]
	(No symbol) [0x0x47442d]
	GetHandleVerifier [0x0x8d65c3+2637587]
	GetHandleVerifier [0x0x8d19ca+2618138]
	GetHandleVerifier [0x0x6884aa+220666]
	GetHandleVerifier [0x0x6788d8+156200]
	GetHandleVerifier [0x0x67f06d+182717]
	(No symbol) [0x0x473710]
	(No symbol) [0x0x472f1d]
	GetHandleVerifier [0x0xa0a65c+3899308]
	BaseThreadInitThunk [0x0x75b47ba9+25]
	RtlInitializeExceptionChain [0x0x76efc0cb+107]
	RtlClearBits [0x0x76efc04f+191]

2025-07-19 17:04:19,087 INFO root Processando propriedade 10/10
2025-07-19 17:04:19,087 INFO root Extraindo dados de: https://www.zapimoveis.com.br/imovel/venda-apartamento-2-quartos-campo-grande-rio-de-janeiro-50m2-id-2789289218/?source=ranking%2Crp
2025-07-19 17:04:20,095 WARNING urllib3.connectionpool Retrying (Retry(total=1, connect=None, read=None, redirect=None, status=None)) after connection broken by 'NewConnectionError('<urllib3.connection.HTTPConnection object at 0x000002AC3854AE00>: Failed to establish a new connection: [WinError 10061] Nenhuma conexão pôde ser feita porque a máquina de destino as recusou ativamente')': /session/88ec76d482717f1fc591201d674012b4/element/f.B2ECA97B5F4F63E22A5F1156CCB04235.d.A4B500F3C9922CA45C3A61948B030356.e.548/elements
2025-07-19 17:04:21,334 INFO root Processando propriedade 9/10
2025-07-19 17:04:21,334 INFO root Extraindo dados de: https://www.zapimoveis.com.br/imovel/venda-apartamento-2-quartos-com-cozinha-catete-rio-de-janeiro-78m2-id-2822469191/?source=ranking%2Crp
2025-07-19 17:04:23,797 ERROR root Erro ao extrair dados de https://www.zapimoveis.com.br/imovel/venda-apartamento-2-quartos-campo-grande-rio-de-janeiro-50m2-id-2789289218/?source=ranking%2Crp: Message: invalid session id; For documentation on this error, please visit: https://www.selenium.dev/documentation/webdriver/troubleshooting/errors#invalidsessionidexception
Stacktrace:
	GetHandleVerifier [0x0x661a33+62339]
	GetHandleVerifier [0x0x661a74+62404]
	(No symbol) [0x0x4a1f80]
	(No symbol) [0x0x4dda98]
	(No symbol) [0x0x50f276]
	(No symbol) [0x0x50ae75]
	(No symbol) [0x0x50a3f6]
	(No symbol) [0x0x473a45]
	(No symbol) [0x0x473f9e]
	(No symbol) [0x0x47442d]
	GetHandleVerifier [0x0x8d65c3+2637587]
	GetHandleVerifier [0x0x8d19ca+2618138]
	GetHandleVerifier [0x0x6884aa+220666]
	GetHandleVerifier [0x0x6788d8+156200]
	GetHandleVerifier [0x0x67f06d+182717]
	(No symbol) [0x0x473710]
	(No symbol) [0x0x472f1d]
	GetHandleVerifier [0x0xa0a65c+3899308]
	BaseThreadInitThunk [0x0x75b47ba9+25]
	RtlInitializeExceptionChain [0x0x76efc0cb+107]
	RtlClearBits [0x0x76efc04f+191]

2025-07-19 17:04:24,166 WARNING urllib3.connectionpool Retrying (Retry(total=0, connect=None, read=None, redirect=None, status=None)) after connection broken by 'NewConnectionError('<urllib3.connection.HTTPConnection object at 0x000002AC3854ABE0>: Failed to establish a new connection: [WinError 10061] Nenhuma conexão pôde ser feita porque a máquina de destino as recusou ativamente')': /session/88ec76d482717f1fc591201d674012b4/element/f.B2ECA97B5F4F63E22A5F1156CCB04235.d.A4B500F3C9922CA45C3A61948B030356.e.548/elements
2025-07-19 17:04:25,427 ERROR root Erro ao extrair dados de https://www.zapimoveis.com.br/imovel/venda-apartamento-2-quartos-com-cozinha-catete-rio-de-janeiro-78m2-id-2822469191/?source=ranking%2Crp: Message: invalid session id; For documentation on this error, please visit: https://www.selenium.dev/documentation/webdriver/troubleshooting/errors#invalidsessionidexception
Stacktrace:
	GetHandleVerifier [0x0x661a33+62339]
	GetHandleVerifier [0x0x661a74+62404]
	(No symbol) [0x0x4a1f80]
	(No symbol) [0x0x4dda98]
	(No symbol) [0x0x50f276]
	(No symbol) [0x0x50ae75]
	(No symbol) [0x0x50a3f6]
	(No symbol) [0x0x473a45]
	(No symbol) [0x0x473f9e]
	(No symbol) [0x0x47442d]
	GetHandleVerifier [0x0x8d65c3+2637587]
	GetHandleVerifier [0x0x8d19ca+2618138]
	GetHandleVerifier [0x0x6884aa+220666]
	GetHandleVerifier [0x0x6788d8+156200]
	GetHandleVerifier [0x0x67f06d+182717]
	(No symbol) [0x0x473710]
	(No symbol) [0x0x472f1d]
	GetHandleVerifier [0x0xa0a65c+3899308]
	BaseThreadInitThunk [0x0x75b47ba9+25]
	RtlInitializeExceptionChain [0x0x76efc0cb+107]
	RtlClearBits [0x0x76efc04f+191]

2025-07-19 17:04:29,775 INFO root Scraping ZapImóveis concluído! 1 propriedades extraídas.
2025-07-19 17:04:30,288 INFO root Processando propriedade 10/10
2025-07-19 17:04:30,289 INFO root Extraindo dados de: https://www.zapimoveis.com.br/imovel/venda-apartamento-2-quartos-campo-grande-rio-de-janeiro-50m2-id-2789289218/?source=ranking%2Crp
2025-07-19 17:04:31,788 INFO root ZapImóveis Scraper fechado.
2025-07-19 17:04:31,788 INFO root ZapImóveis retornou 1 propriedades
2025-07-19 17:04:31,789 INFO werkzeug 127.0.0.1 - - [19/Jul/2025 17:04:31] "GET /api/properties/search?city=rio-de-janeiro&property_type=apartamento&portal=zapimoveis&max_results=20&propertyType=apartamento&maxResults=20 HTTP/1.1" 200 -
2025-07-19 17:04:32,350 WARNING urllib3.connectionpool Retrying (Retry(total=2, connect=None, read=None, redirect=None, status=None)) after connection broken by 'NewConnectionError('<urllib3.connection.HTTPConnection object at 0x000002AC38548160>: Failed to establish a new connection: [WinError 10061] Nenhuma conexão pôde ser feita porque a máquina de destino as recusou ativamente')': /session/88ec76d482717f1fc591201d674012b4/element/f.B2ECA97B5F4F63E22A5F1156CCB04235.d.A4B500F3C9922CA45C3A61948B030356.e.548/elements
2025-07-19 17:04:34,822 ERROR root Erro ao extrair dados de https://www.zapimoveis.com.br/imovel/venda-apartamento-2-quartos-campo-grande-rio-de-janeiro-50m2-id-2789289218/?source=ranking%2Crp: Message: invalid session id; For documentation on this error, please visit: https://www.selenium.dev/documentation/webdriver/troubleshooting/errors#invalidsessionidexception
Stacktrace:
	GetHandleVerifier [0x0x661a33+62339]
	GetHandleVerifier [0x0x661a74+62404]
	(No symbol) [0x0x4a1f80]
	(No symbol) [0x0x4dda98]
	(No symbol) [0x0x50f276]
	(No symbol) [0x0x50ae75]
	(No symbol) [0x0x50a3f6]
	(No symbol) [0x0x473a45]
	(No symbol) [0x0x473f9e]
	(No symbol) [0x0x47442d]
	GetHandleVerifier [0x0x8d65c3+2637587]
	GetHandleVerifier [0x0x8d19ca+2618138]
	GetHandleVerifier [0x0x6884aa+220666]
	GetHandleVerifier [0x0x6788d8+156200]
	GetHandleVerifier [0x0x67f06d+182717]
	(No symbol) [0x0x473710]
	(No symbol) [0x0x472f1d]
	GetHandleVerifier [0x0xa0a65c+3899308]
	BaseThreadInitThunk [0x0x75b47ba9+25]
	RtlInitializeExceptionChain [0x0x76efc0cb+107]
	RtlClearBits [0x0x76efc04f+191]

2025-07-19 17:04:36,437 WARNING urllib3.connectionpool Retrying (Retry(total=1, connect=None, read=None, redirect=None, status=None)) after connection broken by 'NewConnectionError('<urllib3.connection.HTTPConnection object at 0x000002AC38548380>: Failed to establish a new connection: [WinError 10061] Nenhuma conexão pôde ser feita porque a máquina de destino as recusou ativamente')': /session/88ec76d482717f1fc591201d674012b4/element/f.B2ECA97B5F4F63E22A5F1156CCB04235.d.A4B500F3C9922CA45C3A61948B030356.e.548/elements
2025-07-19 17:04:39,100 INFO root Scraping ZapImóveis concluído! 0 propriedades extraídas.
2025-07-19 17:04:40,533 WARNING urllib3.connectionpool Retrying (Retry(total=0, connect=None, read=None, redirect=None, status=None)) after connection broken by 'NewConnectionError('<urllib3.connection.HTTPConnection object at 0x000002AC385486B0>: Failed to establish a new connection: [WinError 10061] Nenhuma conexão pôde ser feita porque a máquina de destino as recusou ativamente')': /session/88ec76d482717f1fc591201d674012b4/element/f.B2ECA97B5F4F63E22A5F1156CCB04235.d.A4B500F3C9922CA45C3A61948B030356.e.548/elements
2025-07-19 17:04:41,129 INFO root ZapImóveis Scraper fechado.
2025-07-19 17:04:41,129 INFO root ZapImóveis retornou 0 propriedades
2025-07-19 17:04:41,130 INFO werkzeug 127.0.0.1 - - [19/Jul/2025 17:04:41] "GET /api/properties/search?city=rio-de-janeiro&property_type=apartamento&portal=zapimoveis&max_results=20&propertyType=apartamento&maxResults=20 HTTP/1.1" 200 -
2025-07-19 17:04:45,158 INFO root Buscando propriedades: rio-de-janeiro, apartamento, zapimoveis
2025-07-19 17:04:45,159 INFO WDM ====== WebDriver manager ======
2025-07-19 17:04:46,283 INFO WDM Get LATEST chromedriver version for google-chrome
2025-07-19 17:04:46,753 INFO WDM Get LATEST chromedriver version for google-chrome
2025-07-19 17:04:47,227 INFO WDM Driver [C:\Users\rober\.wdm\drivers\chromedriver\win64\138.0.7204.157\chromedriver-win32/chromedriver.exe] found in cache
2025-07-19 17:04:48,512 INFO root Iniciando scraping ZapImóveis: https://www.zapimoveis.com.br/venda/apartamentos/rj+rio-de-janeiro/
2025-07-19 17:04:48,513 INFO root Buscando links em: https://www.zapimoveis.com.br/venda/apartamentos/rj+rio-de-janeiro/
2025-07-19 17:04:48,711 WARNING urllib3.connectionpool Retrying (Retry(total=2, connect=None, read=None, redirect=None, status=None)) after connection broken by 'NewConnectionError('<urllib3.connection.HTTPConnection object at 0x000002AC38548D10>: Failed to establish a new connection: [WinError 10061] Nenhuma conexão pôde ser feita porque a máquina de destino as recusou ativamente')': /session/88ec76d482717f1fc591201d674012b4/element/f.B2ECA97B5F4F63E22A5F1156CCB04235.d.A4B500F3C9922CA45C3A61948B030356.e.548/text
2025-07-19 17:04:52,781 WARNING urllib3.connectionpool Retrying (Retry(total=1, connect=None, read=None, redirect=None, status=None)) after connection broken by 'NewConnectionError('<urllib3.connection.HTTPConnection object at 0x000002AC38553AC0>: Failed to establish a new connection: [WinError 10061] Nenhuma conexão pôde ser feita porque a máquina de destino as recusou ativamente')': /session/88ec76d482717f1fc591201d674012b4/element/f.B2ECA97B5F4F63E22A5F1156CCB04235.d.A4B500F3C9922CA45C3A61948B030356.e.548/text
2025-07-19 17:04:54,902 INFO root Processando página 1
2025-07-19 17:04:56,831 WARNING urllib3.connectionpool Retrying (Retry(total=0, connect=None, read=None, redirect=None, status=None)) after connection broken by 'NewConnectionError('<urllib3.connection.HTTPConnection object at 0x000002AC385538A0>: Failed to establish a new connection: [WinError 10061] Nenhuma conexão pôde ser feita porque a máquina de destino as recusou ativamente')': /session/88ec76d482717f1fc591201d674012b4/element/f.B2ECA97B5F4F63E22A5F1156CCB04235.d.A4B500F3C9922CA45C3A61948B030356.e.548/text
2025-07-19 17:05:00,919 INFO root Encontrados 71 elementos com seletor: a[href*="/imovel/"]
2025-07-19 17:05:01,350 INFO root Encontrados 46 links únicos na página 1
2025-07-19 17:05:04,965 WARNING urllib3.connectionpool Retrying (Retry(total=2, connect=None, read=None, redirect=None, status=None)) after connection broken by 'NewConnectionError('<urllib3.connection.HTTPConnection object at 0x000002AC38552CF0>: Failed to establish a new connection: [WinError 10061] Nenhuma conexão pôde ser feita porque a máquina de destino as recusou ativamente')': /session/88ec76d482717f1fc591201d674012b4/execute/sync
2025-07-19 17:05:06,617 INFO root Processando página 2
2025-07-19 17:05:09,055 WARNING urllib3.connectionpool Retrying (Retry(total=1, connect=None, read=None, redirect=None, status=None)) after connection broken by 'NewConnectionError('<urllib3.connection.HTTPConnection object at 0x000002AC385528B0>: Failed to establish a new connection: [WinError 10061] Nenhuma conexão pôde ser feita porque a máquina de destino as recusou ativamente')': /session/88ec76d482717f1fc591201d674012b4/execute/sync
2025-07-19 17:05:11,991 INFO root Encontrados 50 elementos com seletor: a[href*="/imovel/"]
2025-07-19 17:05:12,320 INFO root Encontrados 0 links únicos na página 2
2025-07-19 17:05:13,153 WARNING urllib3.connectionpool Retrying (Retry(total=0, connect=None, read=None, redirect=None, status=None)) after connection broken by 'NewConnectionError('<urllib3.connection.HTTPConnection object at 0x000002AC38552030>: Failed to establish a new connection: [WinError 10061] Nenhuma conexão pôde ser feita porque a máquina de destino as recusou ativamente')': /session/88ec76d482717f1fc591201d674012b4/execute/sync
2025-07-19 17:05:17,558 INFO root Processando página 3
2025-07-19 17:05:21,332 WARNING urllib3.connectionpool Retrying (Retry(total=2, connect=None, read=None, redirect=None, status=None)) after connection broken by 'NewConnectionError('<urllib3.connection.HTTPConnection object at 0x000002AC38551F20>: Failed to establish a new connection: [WinError 10061] Nenhuma conexão pôde ser feita porque a máquina de destino as recusou ativamente')': /session/88ec76d482717f1fc591201d674012b4/execute/sync
2025-07-19 17:05:22,937 INFO root Encontrados 50 elementos com seletor: a[href*="/imovel/"]
2025-07-19 17:05:23,229 INFO root Encontrados 0 links únicos na página 3
2025-07-19 17:05:23,229 INFO root Total de 46 links únicos encontrados
2025-07-19 17:05:23,229 INFO root Extraindo detalhes de 10 propriedades...
2025-07-19 17:05:23,230 INFO root Processando propriedade 1/10
2025-07-19 17:05:23,230 INFO root Extraindo dados de: https://www.zapimoveis.com.br/imovel/venda-apartamento-3-quartos-com-elevador-ipanema-zona-sul-rio-de-janeiro-rj-130m2-id-2773502621/?source=ranking%2Crp
2025-07-19 17:05:25,421 WARNING urllib3.connectionpool Retrying (Retry(total=1, connect=None, read=None, redirect=None, status=None)) after connection broken by 'NewConnectionError('<urllib3.connection.HTTPConnection object at 0x000002AC38551AE0>: Failed to establish a new connection: [WinError 10061] Nenhuma conexão pôde ser feita porque a máquina de destino as recusou ativamente')': /session/88ec76d482717f1fc591201d674012b4/execute/sync
2025-07-19 17:05:29,516 WARNING urllib3.connectionpool Retrying (Retry(total=0, connect=None, read=None, redirect=None, status=None)) after connection broken by 'NewConnectionError('<urllib3.connection.HTTPConnection object at 0x000002AC38551E10>: Failed to establish a new connection: [WinError 10061] Nenhuma conexão pôde ser feita porque a máquina de destino as recusou ativamente')': /session/88ec76d482717f1fc591201d674012b4/execute/sync
2025-07-19 17:05:37,684 WARNING urllib3.connectionpool Retrying (Retry(total=2, connect=None, read=None, redirect=None, status=None)) after connection broken by 'NewConnectionError('<urllib3.connection.HTTPConnection object at 0x000002AC38550380>: Failed to establish a new connection: [WinError 10061] Nenhuma conexão pôde ser feita porque a máquina de destino as recusou ativamente')': /session/88ec76d482717f1fc591201d674012b4/element/f.B2ECA97B5F4F63E22A5F1156CCB04235.d.A4B500F3C9922CA45C3A61948B030356.e.549/element
2025-07-19 17:05:40,387 INFO root Processando propriedade 2/10
2025-07-19 17:05:40,387 INFO root Extraindo dados de: https://www.zapimoveis.com.br/imovel/venda-apartamento-2-quartos-com-ar-condicionado-andarai-zona-norte-rio-de-janeiro-rj-95m2-id-2815156221/?source=ranking%2Crp
2025-07-19 17:05:41,759 WARNING urllib3.connectionpool Retrying (Retry(total=1, connect=None, read=None, redirect=None, status=None)) after connection broken by 'NewConnectionError('<urllib3.connection.HTTPConnection object at 0x000002AC385505A0>: Failed to establish a new connection: [WinError 10061] Nenhuma conexão pôde ser feita porque a máquina de destino as recusou ativamente')': /session/88ec76d482717f1fc591201d674012b4/element/f.B2ECA97B5F4F63E22A5F1156CCB04235.d.A4B500F3C9922CA45C3A61948B030356.e.549/element
2025-07-19 17:05:45,874 WARNING urllib3.connectionpool Retrying (Retry(total=0, connect=None, read=None, redirect=None, status=None)) after connection broken by 'NewConnectionError('<urllib3.connection.HTTPConnection object at 0x000002AC385507C0>: Failed to establish a new connection: [WinError 10061] Nenhuma conexão pôde ser feita porque a máquina de destino as recusou ativamente')': /session/88ec76d482717f1fc591201d674012b4/element/f.B2ECA97B5F4F63E22A5F1156CCB04235.d.A4B500F3C9922CA45C3A61948B030356.e.549/element
2025-07-19 17:05:47,200 INFO werkzeug 127.0.0.1 - - [19/Jul/2025 17:05:47] "GET /api/scrapers/status HTTP/1.1" 200 -
2025-07-19 17:05:54,073 WARNING urllib3.connectionpool Retrying (Retry(total=2, connect=None, read=None, redirect=None, status=None)) after connection broken by 'NewConnectionError('<urllib3.connection.HTTPConnection object at 0x000002AC38342AD0>: Failed to establish a new connection: [WinError 10061] Nenhuma conexão pôde ser feita porque a máquina de destino as recusou ativamente')': /session/88ec76d482717f1fc591201d674012b4/element/f.B2ECA97B5F4F63E22A5F1156CCB04235.d.A4B500F3C9922CA45C3A61948B030356.e.549/elements
2025-07-19 17:05:58,162 WARNING urllib3.connectionpool Retrying (Retry(total=1, connect=None, read=None, redirect=None, status=None)) after connection broken by 'NewConnectionError('<urllib3.connection.HTTPConnection object at 0x000002AC383429C0>: Failed to establish a new connection: [WinError 10061] Nenhuma conexão pôde ser feita porque a máquina de destino as recusou ativamente')': /session/88ec76d482717f1fc591201d674012b4/element/f.B2ECA97B5F4F63E22A5F1156CCB04235.d.A4B500F3C9922CA45C3A61948B030356.e.549/elements
2025-07-19 17:05:59,259 INFO root Processando propriedade 3/10
2025-07-19 17:05:59,260 INFO root Extraindo dados de: https://www.zapimoveis.com.br/imovel/venda-apartamento-3-quartos-com-interfone-ipanema-zona-sul-rio-de-janeiro-rj-170m2-id-2754649052/?source=ranking%2Crp
2025-07-19 17:06:02,261 WARNING urllib3.connectionpool Retrying (Retry(total=0, connect=None, read=None, redirect=None, status=None)) after connection broken by 'NewConnectionError('<urllib3.connection.HTTPConnection object at 0x000002AC38343DF0>: Failed to establish a new connection: [WinError 10061] Nenhuma conexão pôde ser feita porque a máquina de destino as recusou ativamente')': /session/88ec76d482717f1fc591201d674012b4/element/f.B2ECA97B5F4F63E22A5F1156CCB04235.d.A4B500F3C9922CA45C3A61948B030356.e.549/elements
2025-07-19 17:06:10,394 WARNING urllib3.connectionpool Retrying (Retry(total=2, connect=None, read=None, redirect=None, status=None)) after connection broken by 'NewConnectionError('<urllib3.connection.HTTPConnection object at 0x000002AC38548380>: Failed to establish a new connection: [WinError 10061] Nenhuma conexão pôde ser feita porque a máquina de destino as recusou ativamente')': /session/88ec76d482717f1fc591201d674012b4/element/f.B2ECA97B5F4F63E22A5F1156CCB04235.d.A4B500F3C9922CA45C3A61948B030356.e.549/elements
2025-07-19 17:06:14,473 WARNING urllib3.connectionpool Retrying (Retry(total=1, connect=None, read=None, redirect=None, status=None)) after connection broken by 'NewConnectionError('<urllib3.connection.HTTPConnection object at 0x000002AC38548160>: Failed to establish a new connection: [WinError 10061] Nenhuma conexão pôde ser feita porque a máquina de destino as recusou ativamente')': /session/88ec76d482717f1fc591201d674012b4/element/f.B2ECA97B5F4F63E22A5F1156CCB04235.d.A4B500F3C9922CA45C3A61948B030356.e.549/elements
2025-07-19 17:06:15,760 INFO root Processando propriedade 4/10
2025-07-19 17:06:15,760 INFO root Extraindo dados de: https://www.zapimoveis.com.br/imovel/venda-apartamento-2-quartos-lins-de-vasconcelos-rio-de-janeiro-50m2-id-2639703306/?source=ranking%2Crp
2025-07-19 17:06:18,564 WARNING urllib3.connectionpool Retrying (Retry(total=0, connect=None, read=None, redirect=None, status=None)) after connection broken by 'NewConnectionError('<urllib3.connection.HTTPConnection object at 0x000002AC3854A8B0>: Failed to establish a new connection: [WinError 10061] Nenhuma conexão pôde ser feita porque a máquina de destino as recusou ativamente')': /session/88ec76d482717f1fc591201d674012b4/element/f.B2ECA97B5F4F63E22A5F1156CCB04235.d.A4B500F3C9922CA45C3A61948B030356.e.549/elements
2025-07-19 17:06:26,744 WARNING urllib3.connectionpool Retrying (Retry(total=2, connect=None, read=None, redirect=None, status=None)) after connection broken by 'NewConnectionError('<urllib3.connection.HTTPConnection object at 0x000002AC3854ACF0>: Failed to establish a new connection: [WinError 10061] Nenhuma conexão pôde ser feita porque a máquina de destino as recusou ativamente')': /session/88ec76d482717f1fc591201d674012b4/element/f.B2ECA97B5F4F63E22A5F1156CCB04235.d.A4B500F3C9922CA45C3A61948B030356.e.549/text
2025-07-19 17:06:30,835 WARNING urllib3.connectionpool Retrying (Retry(total=1, connect=None, read=None, redirect=None, status=None)) after connection broken by 'NewConnectionError('<urllib3.connection.HTTPConnection object at 0x000002AC38548E20>: Failed to establish a new connection: [WinError 10061] Nenhuma conexão pôde ser feita porque a máquina de destino as recusou ativamente')': /session/88ec76d482717f1fc591201d674012b4/element/f.B2ECA97B5F4F63E22A5F1156CCB04235.d.A4B500F3C9922CA45C3A61948B030356.e.549/text
2025-07-19 17:06:31,167 INFO root Processando propriedade 5/10
2025-07-19 17:06:31,167 INFO root Extraindo dados de: https://www.zapimoveis.com.br/imovel/venda-apartamento-1-quarto-com-cozinha-laranjeiras-rio-de-janeiro-48m2-id-2822469186/?source=ranking%2Crp
2025-07-19 17:06:34,929 WARNING urllib3.connectionpool Retrying (Retry(total=0, connect=None, read=None, redirect=None, status=None)) after connection broken by 'NewConnectionError('<urllib3.connection.HTTPConnection object at 0x000002AC38549150>: Failed to establish a new connection: [WinError 10061] Nenhuma conexão pôde ser feita porque a máquina de destino as recusou ativamente')': /session/88ec76d482717f1fc591201d674012b4/element/f.B2ECA97B5F4F63E22A5F1156CCB04235.d.A4B500F3C9922CA45C3A61948B030356.e.549/text
2025-07-19 17:06:43,119 WARNING urllib3.connectionpool Retrying (Retry(total=2, connect=None, read=None, redirect=None, status=None)) after connection broken by 'NewConnectionError('<urllib3.connection.HTTPConnection object at 0x000002AC385498C0>: Failed to establish a new connection: [WinError 10061] Nenhuma conexão pôde ser feita porque a máquina de destino as recusou ativamente')': /session/88ec76d482717f1fc591201d674012b4/execute/sync
2025-07-19 17:06:47,052 INFO root Processando propriedade 6/10
2025-07-19 17:06:47,053 INFO root Extraindo dados de: https://www.zapimoveis.com.br/imovel/venda-apartamento-2-quartos-com-churrasqueira-pechincha-rio-de-janeiro-67m2-id-2659502066/?source=ranking%2Crp
2025-07-19 17:06:47,205 WARNING urllib3.connectionpool Retrying (Retry(total=1, connect=None, read=None, redirect=None, status=None)) after connection broken by 'NewConnectionError('<urllib3.connection.HTTPConnection object at 0x000002AC38549BF0>: Failed to establish a new connection: [WinError 10061] Nenhuma conexão pôde ser feita porque a máquina de destino as recusou ativamente')': /session/88ec76d482717f1fc591201d674012b4/execute/sync
2025-07-19 17:06:51,295 WARNING urllib3.connectionpool Retrying (Retry(total=0, connect=None, read=None, redirect=None, status=None)) after connection broken by 'NewConnectionError('<urllib3.connection.HTTPConnection object at 0x000002AC38549F20>: Failed to establish a new connection: [WinError 10061] Nenhuma conexão pôde ser feita porque a máquina de destino as recusou ativamente')': /session/88ec76d482717f1fc591201d674012b4/execute/sync
2025-07-19 17:06:57,490 INFO werkzeug [31m[1mWARNING: This is a development server. Do not use it in a production deployment. Use a production WSGI server instead.[0m
 * Running on all addresses (0.0.0.0)
 * Running on http://127.0.0.1:5000
 * Running on http://10.0.7.199:5000
2025-07-19 17:06:57,490 INFO werkzeug [33mPress CTRL+C to quit[0m
2025-07-19 17:06:59,486 WARNING urllib3.connectionpool Retrying (Retry(total=2, connect=None, read=None, redirect=None, status=None)) after connection broken by 'NewConnectionError('<urllib3.connection.HTTPConnection object at 0x000002AC3854B570>: Failed to establish a new connection: [WinError 10061] Nenhuma conexão pôde ser feita porque a máquina de destino as recusou ativamente')': /session/88ec76d482717f1fc591201d674012b4/execute/sync
2025-07-19 17:27:29,158 INFO werkzeug [31m[1mWARNING: This is a development server. Do not use it in a production deployment. Use a production WSGI server instead.[0m
 * Running on all addresses (0.0.0.0)
 * Running on http://127.0.0.1:5000
 * Running on http://192.168.0.12:5000
2025-07-19 17:27:29,159 INFO werkzeug [33mPress CTRL+C to quit[0m
2025-07-19 17:27:59,966 INFO werkzeug 127.0.0.1 - - [19/Jul/2025 17:27:59] "[33mGET /favicon.ico HTTP/1.1[0m" 404 -
2025-07-19 17:28:00,709 INFO root Buscando propriedades: rio-de-janeiro, apartamento, zapimoveis
2025-07-19 17:28:00,709 INFO WDM ====== WebDriver manager ======
2025-07-19 17:28:01,010 INFO werkzeug 127.0.0.1 - - [19/Jul/2025 17:28:01] "GET /api/scrapers/status HTTP/1.1" 200 -
2025-07-19 17:28:01,209 INFO werkzeug 127.0.0.1 - - [19/Jul/2025 17:28:01] "GET /api/scrapers/status HTTP/1.1" 200 -
2025-07-19 17:28:06,285 INFO WDM Get LATEST chromedriver version for google-chrome
2025-07-19 17:28:12,568 INFO WDM Get LATEST chromedriver version for google-chrome
2025-07-19 17:28:13,192 INFO WDM Driver [C:\Users\rober\.wdm\drivers\chromedriver\win64\138.0.7204.157\chromedriver-win32/chromedriver.exe] found in cache
2025-07-19 17:28:19,539 INFO root Iniciando scraping ZapImóveis: https://www.zapimoveis.com.br/venda/apartamentos/rj+rio-de-janeiro/
2025-07-19 17:28:19,560 INFO root Buscando links em: https://www.zapimoveis.com.br/venda/apartamentos/rj+rio-de-janeiro/
2025-07-19 17:28:20,047 INFO root Buscando propriedades: rio-de-janeiro, apartamento, zapimoveis
2025-07-19 17:28:20,048 INFO WDM ====== WebDriver manager ======
2025-07-19 17:28:23,069 INFO WDM Get LATEST chromedriver version for google-chrome
2025-07-19 17:28:23,704 INFO WDM Get LATEST chromedriver version for google-chrome
2025-07-19 17:28:24,250 INFO WDM Driver [C:\Users\rober\.wdm\drivers\chromedriver\win64\138.0.7204.157\chromedriver-win32/chromedriver.exe] found in cache
2025-07-19 17:28:26,383 INFO root Iniciando scraping ZapImóveis: https://www.zapimoveis.com.br/venda/apartamentos/rj+rio-de-janeiro/
2025-07-19 17:28:26,389 INFO root Buscando links em: https://www.zapimoveis.com.br/venda/apartamentos/rj+rio-de-janeiro/
2025-07-19 17:28:29,588 INFO root Processando página 1
2025-07-19 17:28:31,696 INFO root Processando página 1
2025-07-19 17:28:34,816 INFO root Encontrados 0 links únicos na página 1
2025-07-19 17:28:34,880 WARNING root Não foi possível ir para página 2
2025-07-19 17:28:34,881 INFO root Total de 0 links únicos encontrados
2025-07-19 17:28:34,881 WARNING root Nenhum link de propriedade encontrado
2025-07-19 17:28:34,881 INFO root Tentando URL alternativa para apartamentos...
2025-07-19 17:28:34,881 INFO root Iniciando scraping ZapImóveis: https://www.zapimoveis.com.br/venda/imoveis/rj+rio-de-janeiro/
2025-07-19 17:28:35,885 INFO root Buscando links em: https://www.zapimoveis.com.br/venda/imoveis/rj+rio-de-janeiro/
2025-07-19 17:28:36,806 INFO root Encontrados 0 links únicos na página 1
2025-07-19 17:28:36,851 WARNING root Não foi possível ir para página 2
2025-07-19 17:28:36,852 INFO root Total de 0 links únicos encontrados
2025-07-19 17:28:36,852 WARNING root Nenhum link de propriedade encontrado
2025-07-19 17:28:36,852 INFO root Tentando URL alternativa para apartamentos...
2025-07-19 17:28:36,853 INFO root Iniciando scraping ZapImóveis: https://www.zapimoveis.com.br/venda/imoveis/rj+rio-de-janeiro/
2025-07-19 17:28:37,857 INFO root Buscando links em: https://www.zapimoveis.com.br/venda/imoveis/rj+rio-de-janeiro/
2025-07-19 17:28:40,605 INFO root Processando página 1
2025-07-19 17:28:42,764 INFO root Buscando propriedades: rio-de-janeiro, apartamento, zapimoveis
2025-07-19 17:28:42,765 INFO werkzeug 127.0.0.1 - - [19/Jul/2025 17:28:42] "GET /api/scrapers/status HTTP/1.1" 200 -
2025-07-19 17:28:42,765 INFO WDM ====== WebDriver manager ======
2025-07-19 17:28:43,030 INFO werkzeug 127.0.0.1 - - [19/Jul/2025 17:28:43] "GET /api/scrapers/status HTTP/1.1" 200 -
2025-07-19 17:28:43,633 INFO root Processando página 1
2025-07-19 17:28:44,076 INFO WDM Get LATEST chromedriver version for google-chrome
2025-07-19 17:28:44,599 INFO WDM Get LATEST chromedriver version for google-chrome
2025-07-19 17:28:45,233 INFO WDM Driver [C:\Users\rober\.wdm\drivers\chromedriver\win64\138.0.7204.157\chromedriver-win32/chromedriver.exe] found in cache
2025-07-19 17:28:45,690 INFO root Encontrados 0 links únicos na página 1
2025-07-19 17:28:45,731 WARNING root Não foi possível ir para página 2
2025-07-19 17:28:45,731 INFO root Total de 0 links únicos encontrados
2025-07-19 17:28:45,731 WARNING root Nenhum link de propriedade encontrado
2025-07-19 17:28:47,186 INFO root Iniciando scraping ZapImóveis: https://www.zapimoveis.com.br/venda/apartamentos/rj+rio-de-janeiro/
2025-07-19 17:28:47,199 INFO root Buscando links em: https://www.zapimoveis.com.br/venda/apartamentos/rj+rio-de-janeiro/
2025-07-19 17:28:47,648 ERROR root Erro ao processar página 1: Message: invalid session id: session deleted as the browser has closed the connection
from disconnected: not connected to DevTools
  (Session info: chrome=138.0.7204.158); For documentation on this error, please visit: https://www.selenium.dev/documentation/webdriver/troubleshooting/errors#invalidsessionidexception
Stacktrace:
	GetHandleVerifier [0x0x7e1a33+62339]
	GetHandleVerifier [0x0x7e1a74+62404]
	(No symbol) [0x0x622123]
	(No symbol) [0x0x611b30]
	(No symbol) [0x0x62f8f2]
	(No symbol) [0x0x695cbc]
	(No symbol) [0x0x6b0089]
	(No symbol) [0x0x68f1b6]
	(No symbol) [0x0x65e7a2]
	(No symbol) [0x0x65f644]
	GetHandleVerifier [0x0xa565c3+2637587]
	GetHandleVerifier [0x0xa519ca+2618138]
	GetHandleVerifier [0x0x8084aa+220666]
	GetHandleVerifier [0x0x7f88d8+156200]
	GetHandleVerifier [0x0x7ff06d+182717]
	GetHandleVerifier [0x0x7e9978+94920]
	GetHandleVerifier [0x0x7e9b02+95314]
	GetHandleVerifier [0x0x7d4c4a+9626]
	BaseThreadInitThunk [0x0x76317ba9+25]
	RtlInitializeExceptionChain [0x0x7796c0cb+107]
	RtlClearBits [0x0x7796c04f+191]

2025-07-19 17:28:47,652 INFO root Processando página 2
2025-07-19 17:28:47,653 ERROR root Erro ao processar página 2: Message: invalid session id; For documentation on this error, please visit: https://www.selenium.dev/documentation/webdriver/troubleshooting/errors#invalidsessionidexception
Stacktrace:
	GetHandleVerifier [0x0x7e1a33+62339]
	GetHandleVerifier [0x0x7e1a74+62404]
	(No symbol) [0x0x621f80]
	(No symbol) [0x0x65da98]
	(No symbol) [0x0x68f276]
	(No symbol) [0x0x68ae75]
	(No symbol) [0x0x68a3f6]
	(No symbol) [0x0x5f3a45]
	(No symbol) [0x0x5f3f9e]
	(No symbol) [0x0x5f442d]
	GetHandleVerifier [0x0xa565c3+2637587]
	GetHandleVerifier [0x0xa519ca+2618138]
	GetHandleVerifier [0x0x8084aa+220666]
	GetHandleVerifier [0x0x7f88d8+156200]
	GetHandleVerifier [0x0x7ff06d+182717]
	(No symbol) [0x0x5f3710]
	(No symbol) [0x0x5f2f1d]
	GetHandleVerifier [0x0xb8a65c+3899308]
	BaseThreadInitThunk [0x0x76317ba9+25]
	RtlInitializeExceptionChain [0x0x7796c0cb+107]
	RtlClearBits [0x0x7796c04f+191]

2025-07-19 17:28:47,653 INFO root Processando página 3
2025-07-19 17:28:47,655 ERROR root Erro ao processar página 3: Message: invalid session id; For documentation on this error, please visit: https://www.selenium.dev/documentation/webdriver/troubleshooting/errors#invalidsessionidexception
Stacktrace:
	GetHandleVerifier [0x0x7e1a33+62339]
	GetHandleVerifier [0x0x7e1a74+62404]
	(No symbol) [0x0x621f80]
	(No symbol) [0x0x65da98]
	(No symbol) [0x0x68f276]
	(No symbol) [0x0x68ae75]
	(No symbol) [0x0x68a3f6]
	(No symbol) [0x0x5f3a45]
	(No symbol) [0x0x5f3f9e]
	(No symbol) [0x0x5f442d]
	GetHandleVerifier [0x0xa565c3+2637587]
	GetHandleVerifier [0x0xa519ca+2618138]
	GetHandleVerifier [0x0x8084aa+220666]
	GetHandleVerifier [0x0x7f88d8+156200]
	GetHandleVerifier [0x0x7ff06d+182717]
	(No symbol) [0x0x5f3710]
	(No symbol) [0x0x5f2f1d]
	GetHandleVerifier [0x0xb8a65c+3899308]
	BaseThreadInitThunk [0x0x76317ba9+25]
	RtlInitializeExceptionChain [0x0x7796c0cb+107]
	RtlClearBits [0x0x7796c04f+191]

2025-07-19 17:28:47,655 INFO root Total de 0 links únicos encontrados
2025-07-19 17:28:47,655 WARNING root Nenhum link de propriedade encontrado
2025-07-19 17:28:48,808 INFO root ZapImóveis Scraper fechado.
2025-07-19 17:28:48,809 INFO root ZapImóveis retornou 0 propriedades
2025-07-19 17:28:48,809 INFO werkzeug 127.0.0.1 - - [19/Jul/2025 17:28:48] "GET /api/properties/search?city=rio-de-janeiro&property_type=apartamento&portal=zapimoveis&max_results=20&propertyType=apartamento&maxResults=20 HTTP/1.1" 200 -
2025-07-19 17:28:49,679 INFO root ZapImóveis Scraper fechado.
2025-07-19 17:28:49,679 INFO root ZapImóveis retornou 0 propriedades
2025-07-19 17:28:49,680 INFO werkzeug 127.0.0.1 - - [19/Jul/2025 17:28:49] "GET /api/properties/search?city=rio-de-janeiro&property_type=apartamento&portal=zapimoveis&max_results=20&propertyType=apartamento&maxResults=20 HTTP/1.1" 200 -
2025-07-19 17:28:51,422 INFO root Buscando propriedades: rio-de-janeiro, apartamento, zapimoveis
2025-07-19 17:28:51,423 INFO WDM ====== WebDriver manager ======
2025-07-19 17:28:52,511 INFO root Processando página 1
2025-07-19 17:28:52,567 INFO WDM Get LATEST chromedriver version for google-chrome
2025-07-19 17:28:53,039 INFO WDM Get LATEST chromedriver version for google-chrome
2025-07-19 17:28:53,574 INFO WDM Driver [C:\Users\rober\.wdm\drivers\chromedriver\win64\138.0.7204.157\chromedriver-win32/chromedriver.exe] found in cache
2025-07-19 17:28:54,506 INFO root Iniciando scraping ZapImóveis: https://www.zapimoveis.com.br/venda/apartamentos/rj+rio-de-janeiro/
2025-07-19 17:28:54,513 INFO root Buscando links em: https://www.zapimoveis.com.br/venda/apartamentos/rj+rio-de-janeiro/
2025-07-19 17:28:57,716 INFO root Encontrados 0 links únicos na página 1
2025-07-19 17:28:57,770 WARNING root Não foi possível ir para página 2
2025-07-19 17:28:57,770 INFO root Total de 0 links únicos encontrados
2025-07-19 17:28:57,770 WARNING root Nenhum link de propriedade encontrado
2025-07-19 17:28:57,770 INFO root Tentando URL alternativa para apartamentos...
2025-07-19 17:28:57,771 INFO root Iniciando scraping ZapImóveis: https://www.zapimoveis.com.br/venda/imoveis/rj+rio-de-janeiro/
2025-07-19 17:28:58,755 INFO root Processando página 1
2025-07-19 17:28:58,775 INFO root Buscando links em: https://www.zapimoveis.com.br/venda/imoveis/rj+rio-de-janeiro/
2025-07-19 17:29:02,774 INFO root Buscando propriedades: rio-de-janeiro, apartamento, zapimoveis
2025-07-19 17:29:02,775 INFO WDM ====== WebDriver manager ======
2025-07-19 17:29:03,838 INFO root Encontrados 0 links únicos na página 1
2025-07-19 17:29:03,880 WARNING root Não foi possível ir para página 2
2025-07-19 17:29:03,880 INFO root Total de 0 links únicos encontrados
2025-07-19 17:29:03,881 WARNING root Nenhum link de propriedade encontrado
2025-07-19 17:29:03,881 INFO root Tentando URL alternativa para apartamentos...
2025-07-19 17:29:03,881 INFO root Iniciando scraping ZapImóveis: https://www.zapimoveis.com.br/venda/imoveis/rj+rio-de-janeiro/
2025-07-19 17:29:03,945 INFO WDM Get LATEST chromedriver version for google-chrome
2025-07-19 17:29:04,267 INFO root Processando página 1
2025-07-19 17:29:04,457 INFO WDM Get LATEST chromedriver version for google-chrome
2025-07-19 17:29:04,885 INFO root Buscando links em: https://www.zapimoveis.com.br/venda/imoveis/rj+rio-de-janeiro/
2025-07-19 17:29:04,968 INFO WDM Driver [C:\Users\rober\.wdm\drivers\chromedriver\win64\138.0.7204.157\chromedriver-win32/chromedriver.exe] found in cache
2025-07-19 17:29:05,862 INFO root Iniciando scraping ZapImóveis: https://www.zapimoveis.com.br/venda/apartamentos/rj+rio-de-janeiro/
2025-07-19 17:29:05,867 INFO root Buscando links em: https://www.zapimoveis.com.br/venda/apartamentos/rj+rio-de-janeiro/
2025-07-19 17:29:09,340 INFO root Encontrados 0 links únicos na página 1
2025-07-19 17:29:09,376 WARNING root Não foi possível ir para página 2
2025-07-19 17:29:09,376 INFO root Total de 0 links únicos encontrados
2025-07-19 17:29:09,376 WARNING root Nenhum link de propriedade encontrado
2025-07-19 17:29:10,216 INFO root Processando página 1
2025-07-19 17:29:10,217 ERROR root Erro ao processar página 1: Message: invalid session id: session deleted as the browser has closed the connection
from disconnected: not connected to DevTools
  (Session info: chrome=138.0.7204.158); For documentation on this error, please visit: https://www.selenium.dev/documentation/webdriver/troubleshooting/errors#invalidsessionidexception
Stacktrace:
	GetHandleVerifier [0x0x7e1a33+62339]
	GetHandleVerifier [0x0x7e1a74+62404]
	(No symbol) [0x0x622123]
	(No symbol) [0x0x611b30]
	(No symbol) [0x0x62f8f2]
	(No symbol) [0x0x695cbc]
	(No symbol) [0x0x6b0089]
	(No symbol) [0x0x68f1b6]
	(No symbol) [0x0x65e7a2]
	(No symbol) [0x0x65f644]
	GetHandleVerifier [0x0xa565c3+2637587]
	GetHandleVerifier [0x0xa519ca+2618138]
	GetHandleVerifier [0x0x8084aa+220666]
	GetHandleVerifier [0x0x7f88d8+156200]
	GetHandleVerifier [0x0x7ff06d+182717]
	GetHandleVerifier [0x0x7e9978+94920]
	GetHandleVerifier [0x0x7e9b02+95314]
	GetHandleVerifier [0x0x7d4c4a+9626]
	BaseThreadInitThunk [0x0x76317ba9+25]
	RtlInitializeExceptionChain [0x0x7796c0cb+107]
	RtlClearBits [0x0x7796c04f+191]

2025-07-19 17:29:10,218 INFO root Processando página 2
2025-07-19 17:29:10,219 ERROR root Erro ao processar página 2: Message: invalid session id; For documentation on this error, please visit: https://www.selenium.dev/documentation/webdriver/troubleshooting/errors#invalidsessionidexception
Stacktrace:
	GetHandleVerifier [0x0x7e1a33+62339]
	GetHandleVerifier [0x0x7e1a74+62404]
	(No symbol) [0x0x621f80]
	(No symbol) [0x0x65da98]
	(No symbol) [0x0x68f276]
	(No symbol) [0x0x68ae75]
	(No symbol) [0x0x68a3f6]
	(No symbol) [0x0x5f3a45]
	(No symbol) [0x0x5f3f9e]
	(No symbol) [0x0x5f442d]
	GetHandleVerifier [0x0xa565c3+2637587]
	GetHandleVerifier [0x0xa519ca+2618138]
	GetHandleVerifier [0x0x8084aa+220666]
	GetHandleVerifier [0x0x7f88d8+156200]
	GetHandleVerifier [0x0x7ff06d+182717]
	(No symbol) [0x0x5f3710]
	(No symbol) [0x0x5f2f1d]
	GetHandleVerifier [0x0xb8a65c+3899308]
	BaseThreadInitThunk [0x0x76317ba9+25]
	RtlInitializeExceptionChain [0x0x7796c0cb+107]
	RtlClearBits [0x0x7796c04f+191]

2025-07-19 17:29:10,220 INFO root Processando página 3
2025-07-19 17:29:10,221 ERROR root Erro ao processar página 3: Message: invalid session id; For documentation on this error, please visit: https://www.selenium.dev/documentation/webdriver/troubleshooting/errors#invalidsessionidexception
Stacktrace:
	GetHandleVerifier [0x0x7e1a33+62339]
	GetHandleVerifier [0x0x7e1a74+62404]
	(No symbol) [0x0x621f80]
	(No symbol) [0x0x65da98]
	(No symbol) [0x0x68f276]
	(No symbol) [0x0x68ae75]
	(No symbol) [0x0x68a3f6]
	(No symbol) [0x0x5f3a45]
	(No symbol) [0x0x5f3f9e]
	(No symbol) [0x0x5f442d]
	GetHandleVerifier [0x0xa565c3+2637587]
	GetHandleVerifier [0x0xa519ca+2618138]
	GetHandleVerifier [0x0x8084aa+220666]
	GetHandleVerifier [0x0x7f88d8+156200]
	GetHandleVerifier [0x0x7ff06d+182717]
	(No symbol) [0x0x5f3710]
	(No symbol) [0x0x5f2f1d]
	GetHandleVerifier [0x0xb8a65c+3899308]
	BaseThreadInitThunk [0x0x76317ba9+25]
	RtlInitializeExceptionChain [0x0x7796c0cb+107]
	RtlClearBits [0x0x7796c04f+191]

2025-07-19 17:29:10,222 INFO root Total de 0 links únicos encontrados
2025-07-19 17:29:10,222 WARNING root Nenhum link de propriedade encontrado
2025-07-19 17:29:10,222 INFO root Tentando URL alternativa para apartamentos...
2025-07-19 17:29:10,222 INFO root Iniciando scraping ZapImóveis: https://www.zapimoveis.com.br/venda/imoveis/rj+rio-de-janeiro/
2025-07-19 17:29:10,745 INFO root Processando página 1
2025-07-19 17:29:10,747 ERROR root Erro ao processar página 1: Message: invalid session id: session deleted as the browser has closed the connection
from disconnected: not connected to DevTools
  (Session info: chrome=138.0.7204.158); For documentation on this error, please visit: https://www.selenium.dev/documentation/webdriver/troubleshooting/errors#invalidsessionidexception
Stacktrace:
	GetHandleVerifier [0x0x7e1a33+62339]
	GetHandleVerifier [0x0x7e1a74+62404]
	(No symbol) [0x0x622123]
	(No symbol) [0x0x611b30]
	(No symbol) [0x0x62f8f2]
	(No symbol) [0x0x695cbc]
	(No symbol) [0x0x6b0089]
	(No symbol) [0x0x68f1b6]
	(No symbol) [0x0x65e7a2]
	(No symbol) [0x0x65f644]
	GetHandleVerifier [0x0xa565c3+2637587]
	GetHandleVerifier [0x0xa519ca+2618138]
	GetHandleVerifier [0x0x8084aa+220666]
	GetHandleVerifier [0x0x7f88d8+156200]
	GetHandleVerifier [0x0x7ff06d+182717]
	GetHandleVerifier [0x0x7e9978+94920]
	GetHandleVerifier [0x0x7e9b02+95314]
	GetHandleVerifier [0x0x7d4c4a+9626]
	BaseThreadInitThunk [0x0x76317ba9+25]
	RtlInitializeExceptionChain [0x0x7796c0cb+107]
	RtlClearBits [0x0x7796c04f+191]

2025-07-19 17:29:10,748 INFO root Processando página 2
2025-07-19 17:29:10,749 ERROR root Erro ao processar página 2: Message: invalid session id; For documentation on this error, please visit: https://www.selenium.dev/documentation/webdriver/troubleshooting/errors#invalidsessionidexception
Stacktrace:
	GetHandleVerifier [0x0x7e1a33+62339]
	GetHandleVerifier [0x0x7e1a74+62404]
	(No symbol) [0x0x621f80]
	(No symbol) [0x0x65da98]
	(No symbol) [0x0x68f276]
	(No symbol) [0x0x68ae75]
	(No symbol) [0x0x68a3f6]
	(No symbol) [0x0x5f3a45]
	(No symbol) [0x0x5f3f9e]
	(No symbol) [0x0x5f442d]
	GetHandleVerifier [0x0xa565c3+2637587]
	GetHandleVerifier [0x0xa519ca+2618138]
	GetHandleVerifier [0x0x8084aa+220666]
	GetHandleVerifier [0x0x7f88d8+156200]
	GetHandleVerifier [0x0x7ff06d+182717]
	(No symbol) [0x0x5f3710]
	(No symbol) [0x0x5f2f1d]
	GetHandleVerifier [0x0xb8a65c+3899308]
	BaseThreadInitThunk [0x0x76317ba9+25]
	RtlInitializeExceptionChain [0x0x7796c0cb+107]
	RtlClearBits [0x0x7796c04f+191]

2025-07-19 17:29:10,750 INFO root Processando página 3
2025-07-19 17:29:10,751 ERROR root Erro ao processar página 3: Message: invalid session id; For documentation on this error, please visit: https://www.selenium.dev/documentation/webdriver/troubleshooting/errors#invalidsessionidexception
Stacktrace:
	GetHandleVerifier [0x0x7e1a33+62339]
	GetHandleVerifier [0x0x7e1a74+62404]
	(No symbol) [0x0x621f80]
	(No symbol) [0x0x65da98]
	(No symbol) [0x0x68f276]
	(No symbol) [0x0x68ae75]
	(No symbol) [0x0x68a3f6]
	(No symbol) [0x0x5f3a45]
	(No symbol) [0x0x5f3f9e]
	(No symbol) [0x0x5f442d]
	GetHandleVerifier [0x0xa565c3+2637587]
	GetHandleVerifier [0x0xa519ca+2618138]
	GetHandleVerifier [0x0x8084aa+220666]
	GetHandleVerifier [0x0x7f88d8+156200]
	GetHandleVerifier [0x0x7ff06d+182717]
	(No symbol) [0x0x5f3710]
	(No symbol) [0x0x5f2f1d]
	GetHandleVerifier [0x0xb8a65c+3899308]
	BaseThreadInitThunk [0x0x76317ba9+25]
	RtlInitializeExceptionChain [0x0x7796c0cb+107]
	RtlClearBits [0x0x7796c04f+191]

2025-07-19 17:29:10,752 INFO root Total de 0 links únicos encontrados
2025-07-19 17:29:10,752 WARNING root Nenhum link de propriedade encontrado
2025-07-19 17:29:11,223 INFO root Driver não responsivo, reiniciando...
2025-07-19 17:29:11,656 INFO root ZapImóveis Scraper fechado.
2025-07-19 17:29:11,656 INFO root ZapImóveis retornou 0 propriedades
2025-07-19 17:29:11,657 INFO werkzeug 127.0.0.1 - - [19/Jul/2025 17:29:11] "GET /api/properties/search?city=rio-de-janeiro&property_type=apartamento&portal=zapimoveis&max_results=20&propertyType=apartamento&maxResults=20 HTTP/1.1" 200 -
2025-07-19 17:29:12,779 INFO root ZapImóveis Scraper fechado.
2025-07-19 17:29:12,779 INFO root ZapImóveis retornou 0 propriedades
2025-07-19 17:29:12,779 INFO werkzeug 127.0.0.1 - - [19/Jul/2025 17:29:12] "GET /api/properties/search?city=rio-de-janeiro&property_type=apartamento&portal=zapimoveis&max_results=3 HTTP/1.1" 200 -
2025-07-19 17:29:13,325 INFO WDM ====== WebDriver manager ======
2025-07-19 17:29:14,439 INFO WDM Get LATEST chromedriver version for google-chrome
2025-07-19 17:29:14,825 INFO werkzeug 127.0.0.1 - - [19/Jul/2025 17:29:14] "GET /api/scrapers/status HTTP/1.1" 200 -
2025-07-19 17:29:14,972 INFO WDM Get LATEST chromedriver version for google-chrome
2025-07-19 17:29:15,559 INFO WDM Driver [C:\Users\rober\.wdm\drivers\chromedriver\win64\138.0.7204.157\chromedriver-win32/chromedriver.exe] found in cache
2025-07-19 17:29:16,841 INFO root Buscando links em: https://www.zapimoveis.com.br/venda/imoveis/rj+rio-de-janeiro/
2025-07-19 17:29:21,211 INFO root Processando página 1
2025-07-19 17:29:26,316 INFO root Encontrados 0 links únicos na página 1
2025-07-19 17:29:26,369 WARNING root Não foi possível ir para página 2
2025-07-19 17:29:26,369 INFO root Total de 0 links únicos encontrados
2025-07-19 17:29:26,370 WARNING root Nenhum link de propriedade encontrado
2025-07-19 17:29:28,733 INFO root ZapImóveis Scraper fechado.
2025-07-19 17:29:28,733 INFO root ZapImóveis retornou 0 propriedades
2025-07-19 17:29:28,734 INFO werkzeug 127.0.0.1 - - [19/Jul/2025 17:29:28] "GET /api/properties/search?city=rio-de-janeiro&property_type=apartamento&portal=zapimoveis&max_results=20&propertyType=apartamento&maxResults=20 HTTP/1.1" 200 -
2025-07-19 17:37:47,932 INFO werkzeug [31m[1mWARNING: This is a development server. Do not use it in a production deployment. Use a production WSGI server instead.[0m
 * Running on all addresses (0.0.0.0)
 * Running on http://127.0.0.1:5000
 * Running on http://192.168.0.12:5000
2025-07-19 17:37:47,932 INFO werkzeug [33mPress CTRL+C to quit[0m
2025-07-19 17:39:10,244 INFO werkzeug 127.0.0.1 - - [19/Jul/2025 17:39:10] "[31m[1mPOST /api/properties/search HTTP/1.1[0m" 405 -
2025-07-19 17:40:14,952 INFO root Buscando propriedades: rio-de-janeiro, apartamento, zapimoveis
2025-07-19 17:40:14,953 INFO WDM ====== WebDriver manager ======
2025-07-19 17:40:16,082 INFO WDM Get LATEST chromedriver version for google-chrome
2025-07-19 17:40:16,537 INFO WDM Get LATEST chromedriver version for google-chrome
2025-07-19 17:40:17,007 INFO WDM Driver [C:\Users\rober\.wdm\drivers\chromedriver\win64\138.0.7204.157\chromedriver-win32/chromedriver.exe] found in cache
2025-07-19 17:40:19,424 INFO root Iniciando scraping ZapImóveis: https://www.zapimoveis.com.br/venda/apartamentos/rj+rio-de-janeiro/
2025-07-19 17:40:19,429 INFO root Buscando links em: https://www.zapimoveis.com.br/venda/apartamentos/rj+rio-de-janeiro/
2025-07-19 17:40:24,199 INFO root Processando página 1
2025-07-19 17:40:29,302 INFO root Encontrados 0 links únicos na página 1
2025-07-19 17:40:29,353 WARNING root Não foi possível ir para página 2
2025-07-19 17:40:29,353 INFO root Total de 0 links únicos encontrados
2025-07-19 17:40:29,354 WARNING root Nenhum link de propriedade encontrado
2025-07-19 17:40:29,354 INFO root Tentando URL alternativa para apartamentos...
2025-07-19 17:40:29,354 INFO root Iniciando scraping ZapImóveis: https://www.zapimoveis.com.br/venda/imoveis/rj+rio-de-janeiro/
2025-07-19 17:40:30,359 INFO root Buscando links em: https://www.zapimoveis.com.br/venda/imoveis/rj+rio-de-janeiro/
2025-07-19 17:40:35,228 INFO root Processando página 1
2025-07-19 17:40:40,300 INFO root Encontrados 0 links únicos na página 1
2025-07-19 17:40:40,335 WARNING root Não foi possível ir para página 2
2025-07-19 17:40:40,336 INFO root Total de 0 links únicos encontrados
2025-07-19 17:40:40,336 WARNING root Nenhum link de propriedade encontrado
2025-07-19 17:40:42,738 INFO root ZapImóveis Scraper fechado.
2025-07-19 17:40:42,738 INFO root ZapImóveis retornou 0 propriedades
2025-07-19 17:40:42,739 INFO werkzeug 127.0.0.1 - - [19/Jul/2025 17:40:42] "GET /api/properties/search?city=rio-de-janeiro&property_type=apartamento&portal=zapimoveis HTTP/1.1" 200 -
2025-07-19 17:45:23,671 INFO root Buscando propriedades: rio-de-janeiro, apartamento, zapimoveis
2025-07-19 17:45:23,671 INFO WDM ====== WebDriver manager ======
2025-07-19 17:45:24,680 INFO WDM Get LATEST chromedriver version for google-chrome
2025-07-19 17:45:25,159 INFO WDM Get LATEST chromedriver version for google-chrome
2025-07-19 17:45:25,630 INFO WDM Driver [C:\Users\rober\.wdm\drivers\chromedriver\win64\138.0.7204.157\chromedriver-win32/chromedriver.exe] found in cache
2025-07-19 17:45:26,923 INFO root Iniciando scraping ZapImóveis: https://www.zapimoveis.com.br/venda/apartamentos/rj+rio-de-janeiro/
2025-07-19 17:45:26,944 INFO root Buscando links em: https://www.zapimoveis.com.br/venda/apartamentos/rj+rio-de-janeiro/
2025-07-19 17:45:32,100 INFO root Processando página 1
2025-07-19 17:45:37,229 INFO root Encontrados 0 links únicos na página 1
2025-07-19 17:45:37,282 WARNING root Não foi possível ir para página 2
2025-07-19 17:45:37,282 INFO root Total de 0 links únicos encontrados
2025-07-19 17:45:37,282 WARNING root Nenhum link de propriedade encontrado
2025-07-19 17:45:37,283 INFO root Tentando URL alternativa para apartamentos...
2025-07-19 17:45:37,283 INFO root Iniciando scraping ZapImóveis: https://www.zapimoveis.com.br/venda/imoveis/rj+rio-de-janeiro/
2025-07-19 17:45:38,288 INFO root Buscando links em: https://www.zapimoveis.com.br/venda/imoveis/rj+rio-de-janeiro/
2025-07-19 17:45:43,299 INFO root Processando página 1
2025-07-19 17:45:48,369 INFO root Encontrados 0 links únicos na página 1
2025-07-19 17:45:48,406 WARNING root Não foi possível ir para página 2
2025-07-19 17:45:48,406 INFO root Total de 0 links únicos encontrados
2025-07-19 17:45:48,406 WARNING root Nenhum link de propriedade encontrado
2025-07-19 17:45:50,654 INFO root ZapImóveis Scraper fechado.
2025-07-19 17:45:50,654 INFO root ZapImóveis retornou 0 propriedades
2025-07-19 17:45:50,655 INFO werkzeug 127.0.0.1 - - [19/Jul/2025 17:45:50] "GET /api/properties/search?city=rio-de-janeiro&property_type=apartamento&portal=zapimoveis HTTP/1.1" 200 -
2025-07-19 17:49:53,032 INFO root Buscando propriedades: rio-de-janeiro, apartamento, zapimoveis
2025-07-19 17:49:53,033 INFO WDM ====== WebDriver manager ======
2025-07-19 17:49:55,339 INFO WDM Get LATEST chromedriver version for google-chrome
2025-07-19 17:49:55,853 INFO WDM Get LATEST chromedriver version for google-chrome
2025-07-19 17:49:56,315 INFO WDM Driver [C:\Users\rober\.wdm\drivers\chromedriver\win64\138.0.7204.157\chromedriver-win32/chromedriver.exe] found in cache
2025-07-19 17:50:04,150 INFO root Iniciando scraping ZapImóveis: https://www.zapimoveis.com.br/venda/apartamentos/rj+rio-de-janeiro/
2025-07-19 17:50:04,155 INFO root Buscando links em: https://www.zapimoveis.com.br/venda/apartamentos/rj+rio-de-janeiro/
2025-07-19 17:50:09,400 INFO root Processando página 1
2025-07-19 17:50:14,550 INFO root Encontrados 0 links únicos na página 1
2025-07-19 17:50:14,650 WARNING root Não foi possível ir para página 2
2025-07-19 17:50:14,650 INFO root Total de 0 links únicos encontrados
2025-07-19 17:50:14,650 WARNING root Nenhum link de propriedade encontrado
2025-07-19 17:50:14,650 INFO root Tentando URL alternativa para apartamentos...
2025-07-19 17:50:14,651 INFO root Iniciando scraping ZapImóveis: https://www.zapimoveis.com.br/venda/imoveis/rj+rio-de-janeiro/
2025-07-19 17:50:15,655 INFO root Buscando links em: https://www.zapimoveis.com.br/venda/imoveis/rj+rio-de-janeiro/
2025-07-19 17:50:20,948 INFO root Processando página 1
2025-07-19 17:50:26,020 INFO root Encontrados 0 links únicos na página 1
2025-07-19 17:50:26,055 WARNING root Não foi possível ir para página 2
2025-07-19 17:50:26,055 INFO root Total de 0 links únicos encontrados
2025-07-19 17:50:26,055 WARNING root Nenhum link de propriedade encontrado
2025-07-19 17:50:28,458 INFO root ZapImóveis Scraper fechado.
2025-07-19 17:50:28,458 INFO root ZapImóveis retornou 0 propriedades
2025-07-19 17:50:28,459 INFO werkzeug 127.0.0.1 - - [19/Jul/2025 17:50:28] "GET /api/properties/search?city=rio-de-janeiro&property_type=apartamento&portal=zapimoveis HTTP/1.1" 200 -
2025-07-19 18:20:39,656 INFO root Buscando propriedades: rio-de-janeiro, apartamento, zapimoveis
2025-07-19 18:20:39,656 INFO WDM ====== WebDriver manager ======
2025-07-19 18:20:40,756 INFO WDM Get LATEST chromedriver version for google-chrome
2025-07-19 18:20:41,240 INFO WDM Get LATEST chromedriver version for google-chrome
2025-07-19 18:20:41,713 INFO WDM Driver [C:\Users\rober\.wdm\drivers\chromedriver\win64\138.0.7204.157\chromedriver-win32/chromedriver.exe] found in cache
2025-07-19 18:20:44,275 INFO root Iniciando scraping ZapImóveis: https://www.zapimoveis.com.br/venda/apartamentos/rj+rio-de-janeiro/
2025-07-19 18:20:44,285 INFO root Buscando links em: https://www.zapimoveis.com.br/venda/apartamentos/rj+rio-de-janeiro/
2025-07-19 18:20:49,693 INFO root Processando página 1
2025-07-19 18:20:55,441 INFO root Encontrados 71 elementos com seletor: a[href*="/imovel/"]
2025-07-19 18:20:55,840 INFO root Encontrados 46 links únicos na página 1
2025-07-19 18:21:01,576 INFO root Processando página 2
2025-07-19 18:21:06,924 INFO root Encontrados 50 elementos com seletor: a[href*="/imovel/"]
2025-07-19 18:21:07,199 INFO root Encontrados 0 links únicos na página 2
2025-07-19 18:21:11,772 INFO root Processando página 3
2025-07-19 18:21:17,080 INFO root Encontrados 50 elementos com seletor: a[href*="/imovel/"]
2025-07-19 18:21:17,348 INFO root Encontrados 0 links únicos na página 3
2025-07-19 18:21:17,348 INFO root Total de 46 links únicos encontrados
2025-07-19 18:21:17,358 INFO root Extraindo detalhes de 10 propriedades...
2025-07-19 18:21:17,358 INFO root Processando propriedade 1/10
2025-07-19 18:21:17,364 INFO root Extraindo dados de: https://www.zapimoveis.com.br/imovel/venda-apartamento-3-quartos-leblon-zona-sul-rio-de-janeiro-rj-220m2-id-2816300640/?source=ranking%2Crp
2025-07-19 18:21:34,076 WARNING root AVISO - Dados incompletos extraídos de https://www.zapimoveis.com.br/imovel/venda-apartamento-3-quartos-leblon-zona-sul-rio-de-janeiro-rj-220m2-id-2816300640/?source=ranking%2Crp
2025-07-19 18:21:34,077 INFO root OK - Propriedade 1 processada com sucesso
2025-07-19 18:21:37,187 INFO root Processando propriedade 2/10
2025-07-19 18:21:37,192 INFO root Extraindo dados de: https://www.zapimoveis.com.br/imovel/venda-apartamento-2-quartos-com-zelador-tijuca-zona-norte-rio-de-janeiro-rj-94m2-id-2661632164/?source=ranking%2Crp
2025-07-19 18:21:48,677 WARNING root AVISO - Dados incompletos extraídos de https://www.zapimoveis.com.br/imovel/venda-apartamento-2-quartos-com-zelador-tijuca-zona-norte-rio-de-janeiro-rj-94m2-id-2661632164/?source=ranking%2Crp
2025-07-19 18:21:48,678 INFO root OK - Propriedade 2 processada com sucesso
2025-07-19 18:21:52,820 INFO root Processando propriedade 3/10
2025-07-19 18:21:52,825 INFO root Extraindo dados de: https://www.zapimoveis.com.br/imovel/venda-apartamento-4-quartos-leblon-zona-sul-rio-de-janeiro-rj-360m2-id-2580719297/?source=ranking%2Crp
2025-07-19 18:22:04,420 WARNING root AVISO - Dados incompletos extraídos de https://www.zapimoveis.com.br/imovel/venda-apartamento-4-quartos-leblon-zona-sul-rio-de-janeiro-rj-360m2-id-2580719297/?source=ranking%2Crp
2025-07-19 18:22:04,421 INFO root OK - Propriedade 3 processada com sucesso
2025-07-19 18:22:09,182 INFO root Processando propriedade 4/10
2025-07-19 18:22:09,187 INFO root Extraindo dados de: https://www.zapimoveis.com.br/imovel/venda-apartamento-2-quartos-lins-de-vasconcelos-rio-de-janeiro-50m2-id-2639703306/?source=ranking%2Crp
2025-07-19 18:22:22,114 WARNING root AVISO - Dados incompletos extraídos de https://www.zapimoveis.com.br/imovel/venda-apartamento-2-quartos-lins-de-vasconcelos-rio-de-janeiro-50m2-id-2639703306/?source=ranking%2Crp
2025-07-19 18:22:22,115 INFO root OK - Propriedade 4 processada com sucesso
2025-07-19 18:22:25,217 INFO root Processando propriedade 5/10
2025-07-19 18:22:25,222 INFO root Extraindo dados de: https://www.zapimoveis.com.br/imovel/venda-apartamento-1-quarto-com-cozinha-laranjeiras-rio-de-janeiro-48m2-id-2822469186/?source=ranking%2Crp
2025-07-19 18:22:36,888 WARNING root AVISO - Dados incompletos extraídos de https://www.zapimoveis.com.br/imovel/venda-apartamento-1-quarto-com-cozinha-laranjeiras-rio-de-janeiro-48m2-id-2822469186/?source=ranking%2Crp
2025-07-19 18:22:36,888 INFO root OK - Propriedade 5 processada com sucesso
2025-07-19 18:22:42,113 INFO root Processando propriedade 6/10
2025-07-19 18:22:42,117 INFO root Extraindo dados de: https://www.zapimoveis.com.br/imovel/venda-apartamento-2-quartos-com-cozinha-taquara-rio-de-janeiro-67m2-id-2820622628/?source=ranking%2Crp
2025-07-19 18:22:53,491 WARNING root AVISO - Dados incompletos extraídos de https://www.zapimoveis.com.br/imovel/venda-apartamento-2-quartos-com-cozinha-taquara-rio-de-janeiro-67m2-id-2820622628/?source=ranking%2Crp
2025-07-19 18:22:53,492 INFO root OK - Propriedade 6 processada com sucesso
2025-07-19 18:22:57,958 INFO root Processando propriedade 7/10
2025-07-19 18:22:57,963 INFO root Extraindo dados de: https://www.zapimoveis.com.br/imovel/venda-apartamento-1-quarto-com-churrasqueira-catete-rio-de-janeiro-67m2-id-2822469567/?source=ranking%2Crp
2025-07-19 18:23:11,059 WARNING root AVISO - Dados incompletos extraídos de https://www.zapimoveis.com.br/imovel/venda-apartamento-1-quarto-com-churrasqueira-catete-rio-de-janeiro-67m2-id-2822469567/?source=ranking%2Crp
2025-07-19 18:23:11,059 INFO root OK - Propriedade 7 processada com sucesso
2025-07-19 18:23:17,042 INFO root Processando propriedade 8/10
2025-07-19 18:23:17,047 INFO root Extraindo dados de: https://www.zapimoveis.com.br/imovel/venda-apartamento-2-quartos-com-churrasqueira-pechincha-rio-de-janeiro-67m2-id-2659502066/?source=ranking%2Crp
2025-07-19 18:23:30,477 WARNING root AVISO - Dados incompletos extraídos de https://www.zapimoveis.com.br/imovel/venda-apartamento-2-quartos-com-churrasqueira-pechincha-rio-de-janeiro-67m2-id-2659502066/?source=ranking%2Crp
2025-07-19 18:23:30,477 INFO root OK - Propriedade 8 processada com sucesso
2025-07-19 18:23:33,761 INFO root Processando propriedade 9/10
2025-07-19 18:23:33,766 INFO root Extraindo dados de: https://www.zapimoveis.com.br/imovel/venda-apartamento-2-quartos-com-cozinha-catete-rio-de-janeiro-78m2-id-2822469191/?source=ranking%2Crp
2025-07-19 18:23:44,997 WARNING root AVISO - Dados incompletos extraídos de https://www.zapimoveis.com.br/imovel/venda-apartamento-2-quartos-com-cozinha-catete-rio-de-janeiro-78m2-id-2822469191/?source=ranking%2Crp
2025-07-19 18:23:44,997 INFO root OK - Propriedade 9 processada com sucesso
2025-07-19 18:23:50,746 INFO root Processando propriedade 10/10
2025-07-19 18:23:50,751 INFO root Extraindo dados de: https://www.zapimoveis.com.br/imovel/venda-apartamento-2-quartos-com-churrasqueira-praca-seca-rio-de-janeiro-60m2-id-2816988320/?source=ranking%2Crp
2025-07-19 18:24:02,707 WARNING root AVISO - Dados incompletos extraídos de https://www.zapimoveis.com.br/imovel/venda-apartamento-2-quartos-com-churrasqueira-praca-seca-rio-de-janeiro-60m2-id-2816988320/?source=ranking%2Crp
2025-07-19 18:24:02,707 INFO root OK - Propriedade 10 processada com sucesso
2025-07-19 18:24:07,492 INFO root Scraping ZapImóveis concluído! 10 propriedades extraídas.
2025-07-19 18:24:09,821 INFO root ZapImóveis Scraper fechado.
2025-07-19 18:24:09,822 INFO root ZapImóveis retornou 10 propriedades
2025-07-19 18:24:09,823 INFO werkzeug 127.0.0.1 - - [19/Jul/2025 18:24:09] "GET /api/properties/search?city=rio-de-janeiro&property_type=apartamento&portal=zapimoveis&max_results=3 HTTP/1.1" 200 -
2025-07-19 18:41:02,275 INFO werkzeug 127.0.0.1 - - [19/Jul/2025 18:41:02] "GET /api/scrapers/status HTTP/1.1" 200 -
2025-07-19 19:41:03,066 INFO werkzeug 127.0.0.1 - - [19/Jul/2025 19:41:03] "GET /api/scrapers/status HTTP/1.1" 200 -
2025-07-19 19:41:13,704 INFO root Buscando propriedades: rio-de-janeiro, apartamento, zapimoveis
2025-07-19 19:41:13,726 INFO WDM ====== WebDriver manager ======
2025-07-19 19:41:15,000 INFO WDM Get LATEST chromedriver version for google-chrome
2025-07-19 19:41:15,666 INFO WDM Get LATEST chromedriver version for google-chrome
2025-07-19 19:41:16,198 INFO WDM Driver [C:\Users\rober\.wdm\drivers\chromedriver\win64\138.0.7204.157\chromedriver-win32/chromedriver.exe] found in cache
2025-07-19 19:41:17,679 INFO root Iniciando scraping ZapImóveis: https://www.zapimoveis.com.br/venda/apartamentos/rj+rio-de-janeiro/
2025-07-19 19:41:17,737 INFO root Buscando links em: https://www.zapimoveis.com.br/venda/apartamentos/rj+rio-de-janeiro/
2025-07-19 19:41:24,989 INFO root Processando página 1
2025-07-19 19:41:30,640 INFO root Encontrados 70 elementos com seletor: a[href*="/imovel/"]
2025-07-19 19:41:31,027 INFO root Encontrados 45 links únicos na página 1
2025-07-19 19:41:35,985 INFO root Processando página 2
2025-07-19 19:41:41,352 INFO root Encontrados 50 elementos com seletor: a[href*="/imovel/"]
2025-07-19 19:41:41,624 INFO root Encontrados 0 links únicos na página 2
2025-07-19 19:41:46,481 INFO root Processando página 3
2025-07-19 19:41:51,800 INFO root Encontrados 50 elementos com seletor: a[href*="/imovel/"]
2025-07-19 19:41:52,075 INFO root Encontrados 0 links únicos na página 3
2025-07-19 19:41:52,075 INFO root Total de 45 links únicos encontrados
2025-07-19 19:41:52,075 INFO root Extraindo detalhes de 10 propriedades...
2025-07-19 19:41:52,076 INFO root Processando propriedade 1/10
2025-07-19 19:41:52,081 INFO root Extraindo dados de: https://www.zapimoveis.com.br/imovel/venda-apartamento-3-quartos-com-elevador-jardim-oceanico-zona-oeste-rio-de-janeiro-rj-160m2-id-2821468424/?source=ranking%2Crp
2025-07-19 19:42:03,066 WARNING root AVISO - Dados incompletos extraídos de https://www.zapimoveis.com.br/imovel/venda-apartamento-3-quartos-com-elevador-jardim-oceanico-zona-oeste-rio-de-janeiro-rj-160m2-id-2821468424/?source=ranking%2Crp
2025-07-19 19:42:03,082 INFO root OK - Propriedade 1 processada com sucesso
2025-07-19 19:42:08,196 INFO root Processando propriedade 2/10
2025-07-19 19:42:08,201 INFO root Extraindo dados de: https://www.zapimoveis.com.br/imovel/venda-apartamento-3-quartos-com-interfone-botafogo-zona-sul-rio-de-janeiro-rj-96m2-id-2782534959/?source=ranking%2Crp
2025-07-19 19:42:20,247 WARNING root AVISO - Dados incompletos extraídos de https://www.zapimoveis.com.br/imovel/venda-apartamento-3-quartos-com-interfone-botafogo-zona-sul-rio-de-janeiro-rj-96m2-id-2782534959/?source=ranking%2Crp
2025-07-19 19:42:20,248 INFO root OK - Propriedade 2 processada com sucesso
2025-07-19 19:42:25,467 INFO root Processando propriedade 3/10
2025-07-19 19:42:25,472 INFO root Extraindo dados de: https://www.zapimoveis.com.br/imovel/venda-apartamento-3-quartos-com-elevador-copacabana-zona-sul-rio-de-janeiro-rj-140m2-id-2770383726/?source=ranking%2Crp
2025-07-19 19:42:38,342 WARNING root AVISO - Dados incompletos extraídos de https://www.zapimoveis.com.br/imovel/venda-apartamento-3-quartos-com-elevador-copacabana-zona-sul-rio-de-janeiro-rj-140m2-id-2770383726/?source=ranking%2Crp
2025-07-19 19:42:38,343 INFO root OK - Propriedade 3 processada com sucesso
2025-07-19 19:42:41,423 INFO root Processando propriedade 4/10
2025-07-19 19:42:41,427 INFO root Extraindo dados de: https://www.zapimoveis.com.br/imovel/venda-apartamento-3-quartos-mobiliado-botafogo-rio-de-janeiro-94m2-id-2821910618/?source=ranking%2Crp
2025-07-19 19:42:53,889 WARNING root AVISO - Dados incompletos extraídos de https://www.zapimoveis.com.br/imovel/venda-apartamento-3-quartos-mobiliado-botafogo-rio-de-janeiro-94m2-id-2821910618/?source=ranking%2Crp
2025-07-19 19:42:53,889 INFO root OK - Propriedade 4 processada com sucesso
2025-07-19 19:42:58,921 INFO root Processando propriedade 5/10
2025-07-19 19:42:58,926 INFO root Extraindo dados de: https://www.zapimoveis.com.br/imovel/venda-apartamento-1-quarto-com-cozinha-laranjeiras-rio-de-janeiro-48m2-id-2822469186/?source=ranking%2Crp
2025-07-19 19:43:10,276 WARNING root AVISO - Dados incompletos extraídos de https://www.zapimoveis.com.br/imovel/venda-apartamento-1-quarto-com-cozinha-laranjeiras-rio-de-janeiro-48m2-id-2822469186/?source=ranking%2Crp
2025-07-19 19:43:10,277 INFO root OK - Propriedade 5 processada com sucesso
2025-07-19 19:43:15,857 INFO root Processando propriedade 6/10
2025-07-19 19:43:15,862 INFO root Extraindo dados de: https://www.zapimoveis.com.br/imovel/venda-apartamento-2-quartos-com-churrasqueira-pechincha-rio-de-janeiro-67m2-id-2659502066/?source=ranking%2Crp
2025-07-19 19:43:28,427 WARNING root AVISO - Dados incompletos extraídos de https://www.zapimoveis.com.br/imovel/venda-apartamento-2-quartos-com-churrasqueira-pechincha-rio-de-janeiro-67m2-id-2659502066/?source=ranking%2Crp
2025-07-19 19:43:28,427 INFO root OK - Propriedade 6 processada com sucesso
2025-07-19 19:43:32,538 INFO root Processando propriedade 7/10
2025-07-19 19:43:32,548 INFO root Extraindo dados de: https://www.zapimoveis.com.br/imovel/venda-apartamento-3-quartos-laranjeiras-rio-de-janeiro-105m2-id-2822471942/?source=ranking%2Crp
2025-07-19 19:43:44,969 WARNING root AVISO - Dados incompletos extraídos de https://www.zapimoveis.com.br/imovel/venda-apartamento-3-quartos-laranjeiras-rio-de-janeiro-105m2-id-2822471942/?source=ranking%2Crp
2025-07-19 19:43:44,969 INFO root OK - Propriedade 7 processada com sucesso
2025-07-19 19:43:48,126 INFO root Processando propriedade 8/10
2025-07-19 19:43:48,131 INFO root Extraindo dados de: https://www.zapimoveis.com.br/imovel/venda-apartamento-2-quartos-com-cozinha-taquara-rio-de-janeiro-67m2-id-2820622628/?source=ranking%2Crp
2025-07-19 19:44:01,588 WARNING root AVISO - Dados incompletos extraídos de https://www.zapimoveis.com.br/imovel/venda-apartamento-2-quartos-com-cozinha-taquara-rio-de-janeiro-67m2-id-2820622628/?source=ranking%2Crp
2025-07-19 19:44:01,589 INFO root OK - Propriedade 8 processada com sucesso
2025-07-19 19:44:06,163 INFO root Processando propriedade 9/10
2025-07-19 19:44:06,168 INFO root Extraindo dados de: https://www.zapimoveis.com.br/imovel/venda-apartamento-1-quarto-com-churrasqueira-catete-rio-de-janeiro-67m2-id-2822469567/?source=ranking%2Crp
2025-07-19 19:44:17,741 WARNING root AVISO - Dados incompletos extraídos de https://www.zapimoveis.com.br/imovel/venda-apartamento-1-quarto-com-churrasqueira-catete-rio-de-janeiro-67m2-id-2822469567/?source=ranking%2Crp
2025-07-19 19:44:17,741 INFO root OK - Propriedade 9 processada com sucesso
2025-07-19 19:44:23,710 INFO root Processando propriedade 10/10
2025-07-19 19:44:23,716 INFO root Extraindo dados de: https://www.zapimoveis.com.br/imovel/venda-apartamento-2-quartos-com-cozinha-catete-rio-de-janeiro-78m2-id-2822469191/?source=ranking%2Crp
2025-07-19 19:44:36,301 WARNING root AVISO - Dados incompletos extraídos de https://www.zapimoveis.com.br/imovel/venda-apartamento-2-quartos-com-cozinha-catete-rio-de-janeiro-78m2-id-2822469191/?source=ranking%2Crp
2025-07-19 19:44:36,301 INFO root OK - Propriedade 10 processada com sucesso
2025-07-19 19:44:39,956 INFO root Scraping ZapImóveis concluído! 10 propriedades extraídas.
2025-07-19 19:44:42,336 INFO root ZapImóveis Scraper fechado.
2025-07-19 19:44:42,337 INFO root ZapImóveis retornou 10 propriedades
2025-07-19 19:44:42,343 INFO werkzeug 127.0.0.1 - - [19/Jul/2025 19:44:42] "GET /api/properties/search?city=rio-de-janeiro&property_type=apartamento&portal=zapimoveis&max_results=3 HTTP/1.1" 200 -
2025-07-19 19:45:13,121 INFO root A rota raiz ('/') foi acessada.
2025-07-19 19:45:13,122 INFO werkzeug 127.0.0.1 - - [19/Jul/2025 19:45:13] "GET / HTTP/1.1" 200 -
